-- phpMyAdmin SQL Dump
-- version 4.4.15.5
-- http://www.phpmyadmin.net
--
-- Host: localhost
-- Generation Time: 2016-05-15 16:36:35
-- 服务器版本： 5.5.47
-- PHP Version: 7.0.1

SET SQL_MODE = "NO_AUTO_VALUE_ON_ZERO";
SET time_zone = "+00:00";


/*!40101 SET @OLD_CHARACTER_SET_CLIENT=@@CHARACTER_SET_CLIENT */;
/*!40101 SET @OLD_CHARACTER_SET_RESULTS=@@CHARACTER_SET_RESULTS */;
/*!40101 SET @OLD_COLLATION_CONNECTION=@@COLLATION_CONNECTION */;
/*!40101 SET NAMES utf8mb4 */;

--
-- Database: `think5`
--

-- --------------------------------------------------------

--
-- 表的结构 `cy_action`
--

CREATE TABLE IF NOT EXISTS `cy_action` (
  `id` int(11) unsigned NOT NULL COMMENT '主键',
  `name` char(30) NOT NULL DEFAULT '' COMMENT '行为唯一标识',
  `title` char(80) NOT NULL DEFAULT '' COMMENT '行为说明',
  `remark` char(140) NOT NULL DEFAULT '' COMMENT '行为描述',
  `rule` text COMMENT '行为规则',
  `log` text COMMENT '日志规则',
  `type` tinyint(2) unsigned NOT NULL DEFAULT '1' COMMENT '类型',
  `status` tinyint(2) NOT NULL DEFAULT '1' COMMENT '状态，1为正常，0为禁用',
  `create_uid` int(11) unsigned NOT NULL DEFAULT '0' COMMENT '添加者的id',
  `create_time` int(11) unsigned NOT NULL DEFAULT '0' COMMENT '添加时间',
  `create_ip` bigint(11) unsigned NOT NULL DEFAULT '0' COMMENT '添加ip',
  `update_uid` int(11) unsigned NOT NULL DEFAULT '0' COMMENT '修改者id',
  `update_time` int(11) unsigned NOT NULL DEFAULT '0' COMMENT '修改时间',
  `update_ip` bigint(11) unsigned NOT NULL DEFAULT '0' COMMENT '修改ip'
) ENGINE=MyISAM AUTO_INCREMENT=38 DEFAULT CHARSET=utf8 ROW_FORMAT=DYNAMIC COMMENT='系统行为表';

--
-- 转存表中的数据 `cy_action`
--

INSERT INTO `cy_action` (`id`, `name`, `title`, `remark`, `rule`, `log`, `type`, `status`, `create_uid`, `create_time`, `create_ip`, `update_uid`, `update_time`, `update_ip`) VALUES
(1, 'manager_login', '用户登录', '管理用户登录', '', '[user|get_realname]在[time|time_format]登录了后台', 1, 1, 0, 0, 0, 0, 1387181220, 0),
(2, 'add_article', '发布文章', '积分+5，每天上限5次', 'table:member|field:score|condition:uid={$self}|rule:score+5|cycle:24|max:5', '', 2, 0, 0, 0, 0, 0, 1380173180, 0),
(3, 'review', '评论', '评论积分+1，无限制', 'table:member|field:score|condition:uid={$self}|rule:score+1', '', 2, 1, 0, 0, 0, 0, 1383285646, 0),
(4, 'add_document', '发表文档', '积分+10，每天上限5次', 'table:member|field:score|condition:uid={$self}|rule:score+10|cycle:24|max:5', '[user|get_realname]在[time|time_format]发表了一篇文章。\r\n表[model]，记录编号[record]。', 2, 0, 0, 0, 0, 0, 1386139726, 0),
(5, 'add_document_topic', '发表讨论', '积分+5，每天上限10次', 'table:member|field:score|condition:uid={$self}|rule:score+5|cycle:24|max:10', '', 2, 0, 0, 0, 0, 0, 1383285551, 0),
(6, 'update_config', '更新配置', '新增或修改或删除配置', '', '', 1, 1, 0, 0, 0, 0, 1383294988, 0),
(7, 'update_model', '更新模型', '新增或修改模型', '', '', 1, 1, 0, 0, 0, 0, 1383295057, 0),
(8, 'update_attribute', '更新属性', '新增或更新或删除属性', '', '', 1, 1, 0, 0, 0, 0, 1383295963, 0),
(9, 'update_channel', '更新导航', '新增或修改或删除导航', '', '', 1, 1, 0, 0, 0, 0, 1383296301, 0),
(10, 'update_menu', '更新菜单', '新增或修改或删除菜单', '', '', 1, 1, 0, 0, 0, 0, 1383296392, 0),
(11, 'update_category', '更新分类', '新增或修改或删除分类', '', '', 1, 1, 0, 0, 0, 0, 1383296765, 0),
(12, 'sms_smstemplateadd', '新增短信模板', '新增短信模板', NULL, '[user|get_realname]在[time|time_format]新增了短信模板', 1, 1, 0, 0, 0, 0, 0, 0),
(13, 'sms_smstemplateupdata', '修改短信模板', '修改短信模板', NULL, '[user|get_realname]在[time|time_format]修改了短信模板', 1, 1, 0, 0, 0, 0, 0, 0),
(14, 'sms_smstemplatedelete', '删除短信模板', '删除短信模板', NULL, '[user|get_realname]在[time|time_format]删除了短信模板', 1, 1, 0, 0, 0, 0, 0, 0),
(15, 'add_action', '添加行为', '添加行为', '', '[user|get_realname]在[time|time_format]添加了行为', 1, 1, 0, 1462456882, 2130706433, 0, 0, 0),
(16, 'edit_action', '修改行为', '修改行为', '', '[user|get_realname]在[time|time_format]修改了行为', 1, 1, 1, 1462457125, 2130706433, 0, 0, 0),
(17, 'edit_action1', '修改行为1', '修改行为', '', '[user|get_realname]在[time|time_format]修改了行为', 1, 1, 1, 1462458377, 2130706433, 0, 0, 0),
(18, 'edit_authrule', '编辑规则', '修改规则', '', '[user|get_realname]在[time|time_format]修改了规则', 2, 1, 1, 1462463721, 2130706433, 1, 1462707231, 2130706433),
(19, 'del_manager', '删除用户', '删除用户', '', '[user|get_realname]在[time|time_format]删除了用户', 1, 1, 1, 1462811355, 2130706433, 0, 0, 0),
(20, 'cache', '更新缓存', '更新缓存', '', '[user|get_realname]在[time|time_format]更新了缓存', 1, 1, 0, 0, 0, 0, 0, 0),
(21, 'add_manager', '添加管理员', '新增管理用户', '', '[user|get_realname]在[time|time_format]添加了管理用户', 1, 1, 0, 0, 0, 0, 0, 0),
(26, 'edit_manager', '修改管理员用户', '修改管理员用户', '', '[user|get_realname]在[time|time_format]修改了管理用户', 1, 1, 0, 0, 0, 0, 0, 0),
(27, 'disable_manager', '禁用[启用]用户', '记录禁用启用管理用户', '', '[user|get_realname]在[time|time_format][model_id|disable_enable]了管理用户', 1, 1, 0, 0, 0, 1, 1463281866, 2130706433),
(31, 'del_authrule', '删除规则', '', '', '[user|get_realname]在[time|time_format]删除了规则', 1, 1, 1, 1463284593, 2130706433, 1, 1463284640, 2130706433),
(30, 'disable_authrule', '禁用[启用]规则', '记录禁用启用规则', '', '[user|get_realname]在[time|time_format][model_id|disable_enable]了规则', 1, 1, 1, 1463279149, 2130706433, 1, 1463281899, 2130706433),
(32, 'updateshow_authrule', '记录更改控制台菜单显示', '', '', '[user|get_realname]在[time|time_format]设置了控制台菜单显示状态', 1, 1, 1, 1463289050, 2130706433, 0, 0, 0),
(33, 'updateauth_authrule', '更新是否需要权限认证', '', '', '[user|get_realname]在[time|time_format]更新了权限认证状态', 1, 1, 1, 1463290047, 2130706433, 0, 0, 0),
(34, 'disable_authgroup', '禁用[启用]角色', '记录禁用启用角色', '', '[user|get_realname]在[time|time_format][model_id|disable_enable]了角色', 1, 1, 1, 1463294873, 2130706433, 1, 1463294928, 2130706433),
(35, 'add_authgroup', '增加角色', '新增角色', '', '[user|get_realname]在[time|time_format]新增了角色', 1, 1, 1, 1463295059, 2130706433, 0, 0, 0),
(36, 'edit_authgroup', '修改角色', '编辑角色', '', '[user|get_realname]在[time|time_format]编辑了角色', 1, 1, 1, 1463295110, 2130706433, 0, 0, 0),
(37, 'del_authgroup', '删除角色', '删除角色1', '', '[user|get_realname]在[time|time_format]删除了角色', 1, 1, 1, 1463295145, 2130706433, 1, 1463326932, 2130706433);

-- --------------------------------------------------------

--
-- 表的结构 `cy_action_log`
--

CREATE TABLE IF NOT EXISTS `cy_action_log` (
  `id` int(10) unsigned NOT NULL COMMENT '主键',
  `action_id` int(10) unsigned NOT NULL DEFAULT '0' COMMENT '行为id',
  `user_id` int(10) unsigned NOT NULL DEFAULT '0' COMMENT '执行用户id',
  `model` varchar(50) NOT NULL DEFAULT '' COMMENT '触发行为的表',
  `record_id` int(10) unsigned NOT NULL DEFAULT '0' COMMENT '触发行为的数据id',
  `remark` varchar(255) NOT NULL DEFAULT '' COMMENT '日志备注',
  `status` tinyint(2) NOT NULL DEFAULT '1' COMMENT '状态，1为正常，0为禁用',
  `create_time` int(10) unsigned NOT NULL DEFAULT '0' COMMENT '执行行为的时间',
  `action_ip` bigint(20) NOT NULL COMMENT '执行行为者ip'
) ENGINE=MyISAM AUTO_INCREMENT=536 DEFAULT CHARSET=utf8 ROW_FORMAT=DYNAMIC COMMENT='行为日志表';

--
-- 转存表中的数据 `cy_action_log`
--

INSERT INTO `cy_action_log` (`id`, `action_id`, `user_id`, `model`, `record_id`, `remark`, `status`, `create_time`, `action_ip`) VALUES
(1, 1, 1, 'manager', 1, '超级管理员在2016-04-11 17:34登录了后台', 1, 1460367275, 30159205),
(2, 1, 1, 'manager', 1, '超级管理员在2016-04-11 17:34登录了后台', 1, 1460367290, 30159205),
(3, 1, 1, 'manager', 1, '超级管理员在2016-04-11 17:35登录了后台', 1, 1460367309, 30159205),
(4, 1, 1, 'manager', 1, '超级管理员在2016-04-11 17:36登录了后台', 1, 1460367384, 30159205),
(5, 1, 1, 'manager', 1, '超级管理员在2016-04-11 17:36登录了后台', 1, 1460367419, 30159205),
(6, 1, 1, 'manager', 1, '超级管理员在2016-04-11 17:41登录了后台', 1, 1460367710, 30159205),
(7, 1, 1, 'manager', 1, '超级管理员在2016-04-11 17:42登录了后台', 1, 1460367748, 30159205),
(8, 1, 1, 'manager', 1, '超级管理员在2016-04-11 17:42登录了后台', 1, 1460367762, 30159205),
(9, 1, 1, 'manager', 1, '超级管理员在2016-04-11 17:43登录了后台', 1, 1460367781, 30159205),
(10, 1, 1, 'manager', 1, '超级管理员在2016-04-11 17:44登录了后台', 1, 1460367898, 30159205),
(11, 1, 1, 'manager', 1, '超级管理员在2016-04-12 09:48登录了后台', 1, 1460425722, 30159205),
(12, 1, 1, 'manager', 1, '超级管理员在2016-04-12 10:58登录了后台', 1, 1460429909, 30159205),
(13, 1, 1, 'manager', 1, '超级管理员在2016-04-12 13:06登录了后台', 1, 1460437578, 30159205),
(14, 1, 1, 'manager', 1, '超级管理员在2016-04-15 09:37登录了后台', 1, 1460684220, 30160790),
(15, 1, 1, 'manager', 1, '超级管理员在2016-04-15 10:15登录了后台', 1, 1460686505, 30160790),
(16, 1, 1, 'manager', 1, '超级管理员在2016-04-15 15:33登录了后台', 1, 1460705611, 30160790),
(17, 1, 1, 'manager', 1, '超级管理员在2016-04-16 11:02登录了后台', 1, 1460775747, 3707995602),
(18, 1, 1, 'manager', 1, '超级管理员在2016-04-20 11:56登录了后台', 1, 1461124604, 30160658),
(19, 1, 1, 'manager', 1, '超级管理员在2016-04-21 23:44登录了后台', 1, 1461253499, 3707995604),
(20, 1, 1, 'manager', 1, '超级管理员在2016-04-22 16:02登录了后台', 1, 1461312148, 30159800),
(21, 1, 1, 'manager', 1, '超级管理员在2016-04-22 16:20登录了后台', 1, 1461313202, 30159800),
(22, 1, 1, 'manager', 1, '超级管理员在2016-04-24 20:59登录了后台', 1, 1461502763, 3707995602),
(23, 1, 1, 'manager', 1, '超级管理员在2016-04-25 10:20登录了后台', 1, 1461550851, 30157355),
(24, 1, 1, 'manager', 1, '超级管理员在2016-04-27 21:25登录了后台', 1, 1461763518, 2130706433),
(25, 1, 16, 'manager', 16, '在2016-04-27 21:30登录了后台', 1, 1461763838, 2130706433),
(26, 1, 16, 'manager', 16, '在2016-04-27 22:56登录了后台', 1, 1461768998, 2130706433),
(27, 1, 16, 'manager', 16, '在2016-04-28 00:41登录了后台', 1, 1461775285, 2130706433),
(28, 1, 16, 'manager', 16, '在2016-04-28 20:46登录了后台', 1, 1461847591, 2130706433),
(29, 1, 1, 'manager', 1, '超级管理员在2016-04-28 20:47登录了后台', 1, 1461847625, 2130706433),
(30, 1, 16, 'manager', 16, 'ceroot在2016-04-28 20:48登录了后台', 1, 1461847732, 2130706433),
(31, 1, 16, 'manager', 16, 'ceroot在2016-05-04 20:32登录了后台', 1, 1462365137, 2130706433),
(32, 1, 1, 'manager', 1, '超级管理员在2016-05-04 21:19登录了后台', 1, 1462367953, 2130706433),
(33, 1, 16, 'manager', 16, 'ceroot在2016-05-04 22:43登录了后台', 1, 1462372982, 2130706433),
(34, 1, 16, 'manager', 16, 'ceroot在2016-05-04 22:43登录了后台', 1, 1462373029, 2130706433),
(35, 1, 1, 'manager', 1, '超级管理员在2016-05-04 22:44登录了后台', 1, 1462373077, 2130706433),
(36, 1, 1, 'manager', 1, '超级管理员在2016-05-04 22:52登录了后台', 1, 1462373568, 2130706433),
(37, 1, 1, 'manager', 1, '超级管理员在2016-05-05 20:27登录了后台', 1, 1462451256, 2130706433),
(38, 15, 1, 'action', 15, '超级管理员在2016-05-05 22:26添加了行为', 1, 1462458377, 2130706433),
(39, 1, 1, 'manager', 1, '超级管理员在2016-05-05 23:51登录了后台', 1, 1462463505, 2130706433),
(40, 15, 1, 'action', 15, '超级管理员在2016-05-05 23:55添加了行为', 1, 1462463721, 2130706433),
(41, 18, 1, 'authrule', 18, '超级管理员在2016-05-06 00:01修改了规则', 1, 1462464085, 2130706433),
(42, 1, 1, 'manager', 1, '超级管理员在2016-05-08 14:58登录了后台', 1, 1462690685, 2130706433),
(43, 1, 1, 'manager', 1, '超级管理员在2016-05-08 14:58登录了后台', 1, 1462690699, 2130706433),
(44, 1, 1, 'manager', 1, '超级管理员在2016-05-08 15:11登录了后台', 1, 1462691473, 2130706433),
(45, 1, 1, 'manager', 1, '超级管理员在2016-05-08 15:14登录了后台', 1, 1462691674, 2130706433),
(46, 1, 1, 'manager', 1, '超级管理员在2016-05-08 15:19登录了后台', 1, 1462691957, 2130706433),
(47, 1, 1, 'manager', 1, '超级管理员在2016-05-08 15:19登录了后台', 1, 1462691999, 2130706433),
(48, 1, 1, 'manager', 1, '超级管理员在2016-05-08 15:21登录了后台', 1, 1462692083, 2130706433),
(49, 1, 1, 'manager', 1, '超级管理员在2016-05-08 15:21登录了后台', 1, 1462692113, 2130706433),
(50, 1, 1, 'manager', 1, '超级管理员在2016-05-08 15:22登录了后台', 1, 1462692167, 2130706433),
(51, 1, 1, 'manager', 1, '超级管理员在2016-05-08 15:22登录了后台', 1, 1462692176, 2130706433),
(52, 1, 1, 'manager', 1, '超级管理员在2016-05-08 15:39登录了后台', 1, 1462693182, 2130706433),
(53, 1, 1, 'manager', 1, '超级管理员在2016-05-08 16:00登录了后台', 1, 1462694406, 2130706433),
(54, 1, 1, 'manager', 1, '超级管理员在2016-05-08 16:00登录了后台', 1, 1462694414, 2130706433),
(55, 1, 1, 'manager', 1, '超级管理员在2016-05-08 16:03登录了后台', 1, 1462694623, 2130706433),
(56, 18, 1, 'authrule', 18, '超级管理员在2016-05-08 16:15修改了规则', 1, 1462695304, 2130706433),
(57, 18, 1, 'authrule', 18, '超级管理员在2016-05-08 16:15修改了规则', 1, 1462695339, 2130706433),
(58, 18, 1, 'authrule', 18, '超级管理员在2016-05-08 18:19修改了规则', 1, 1462702789, 2130706433),
(59, 18, 1, 'authrule', 18, '超级管理员在2016-05-08 18:20修改了规则', 1, 1462702804, 2130706433),
(60, 18, 1, 'authrule', 18, '超级管理员在2016-05-08 18:32修改了规则', 1, 1462703567, 2130706433),
(61, 18, 1, 'authrule', 18, '超级管理员在2016-05-08 18:33修改了规则', 1, 1462703587, 2130706433),
(62, 18, 1, 'authrule', 18, '超级管理员在2016-05-08 18:33修改了规则', 1, 1462703624, 2130706433),
(63, 18, 1, 'authrule', 18, '超级管理员在2016-05-08 19:11修改了规则', 1, 1462705905, 2130706433),
(64, 18, 1, 'authrule', 18, '超级管理员在2016-05-08 19:24修改了规则', 1, 1462706665, 2130706433),
(65, 16, 1, 'action', 16, '超级管理员在2016-05-08 19:33修改了行为', 1, 1462707231, 2130706433),
(66, 1, 1, 'manager', 1, '超级管理员在2016-05-09 00:55登录了后台', 1, 1462726518, 2130706433),
(67, 18, 1, 'authrule', 18, '超级管理员在2016-05-09 01:03修改了规则', 1, 1462727025, 2130706433),
(68, 18, 1, 'authrule', 18, '超级管理员在2016-05-09 01:08修改了规则', 1, 1462727298, 2130706433),
(69, 18, 1, 'authrule', 18, '超级管理员在2016-05-09 01:09修改了规则', 1, 1462727351, 2130706433),
(70, 18, 1, 'authrule', 18, '超级管理员在2016-05-09 01:12修改了规则', 1, 1462727558, 2130706433),
(71, 1, 1, 'manager', 1, '超级管理员在2016-05-09 23:14登录了后台', 1, 1462806889, 2130706433),
(72, 18, 1, 'authrule', 80, '超级管理员在2016-05-09 23:16修改了规则', 1, 1462806972, 2130706433),
(73, 18, 1, 'authrule', 80, '超级管理员在2016-05-09 23:18修改了规则', 1, 1462807107, 2130706433),
(74, 18, 1, 'authrule', 110, '超级管理员在2016-05-09 23:19修改了规则', 1, 1462807148, 2130706433),
(75, 18, 1, 'authrule', 119, '超级管理员在2016-05-09 23:23修改了规则', 1, 1462807408, 2130706433),
(76, 15, 1, 'action', 19, '超级管理员在2016-05-10 00:29添加了行为', 1, 1462811355, 2130706433),
(77, 19, 1, 'manager', 1, '超级管理员在2016-05-10 00:32删除了用户', 1, 1462811532, 2130706433),
(78, 1, 1, 'manager', 1, '超级管理员在2016-05-10 20:04登录了后台', 1, 1462881869, 2130706433),
(79, 1, 1, 'manager', 1, '超级管理员在2016-05-11 23:44登录了后台', 1, 1462981473, 2130706433),
(80, 1, 1, 'manager', 1, '超级管理员在2016-05-12 19:35登录了后台', 1, 1463052931, 2130706433),
(81, 1, 1, 'manager', 1, '超级管理员在2016-05-13 20:10登录了后台', 1, 1463141433, 2130706433),
(82, 1, 1, 'manager', 1, '超级管理员在2016-05-13 21:59登录了后台', 1, 1463147948, 2130706433),
(83, 1, 1, 'manager', 1, '超级管理员在2016-05-13 22:48登录了后台', 1, 1463150908, 2130706433),
(84, 1, 1, 'manager', 1, '超级管理员在2016-05-13 22:50登录了后台', 1, 1463151049, 2130706433),
(85, 1, 1, 'manager', 1, '超级管理员在2016-05-13 22:53登录了后台', 1, 1463151215, 2130706433),
(86, 1, 1, 'manager', 1, '超级管理员在2016-05-13 22:54登录了后台', 1, 1463151290, 2130706433),
(87, 1, 1, 'manager', 1, '超级管理员在2016-05-13 22:57登录了后台', 1, 1463151460, 2130706433),
(88, 1, 1, 'manager', 1, '超级管理员在2016-05-13 22:59登录了后台', 1, 1463151570, 2130706433),
(89, 1, 1, 'manager', 1, '超级管理员在2016-05-13 23:05登录了后台', 1, 1463151940, 2130706433),
(90, 1, 1, 'manager', 1, '超级管理员在2016-05-13 23:05登录了后台', 1, 1463151953, 2130706433),
(91, 1, 1, 'manager', 1, '超级管理员在2016-05-13 23:06登录了后台', 1, 1463152006, 2130706433),
(92, 1, 1, 'manager', 1, '超级管理员在2016-05-13 23:14登录了后台', 1, 1463152477, 2130706433),
(93, 1, 1, 'manager', 1, '超级管理员在2016-05-14 00:21登录了后台', 1, 1463156506, 2130706433),
(94, 1, 1, 'manager', 1, '超级管理员在2016-05-14 00:22登录了后台', 1, 1463156522, 2130706433),
(95, 1, 1, 'manager', 1, '超级管理员在2016-05-14 00:24登录了后台', 1, 1463156660, 2130706433),
(96, 1, 1, 'manager', 1, '超级管理员在2016-05-14 00:25登录了后台', 1, 1463156740, 2130706433),
(97, 1, 1, 'manager', 1, '超级管理员在2016-05-14 00:26登录了后台', 1, 1463156770, 2130706433),
(98, 1, 1, 'manager', 1, '超级管理员在2016-05-14 00:26登录了后台', 1, 1463156799, 2130706433),
(99, 1, 1, 'manager', 1, '超级管理员在2016-05-14 00:26登录了后台', 1, 1463156816, 2130706433),
(100, 1, 1, 'manager', 1, '超级管理员在2016-05-14 00:28登录了后台', 1, 1463156903, 2130706433),
(101, 1, 1, 'manager', 1, '超级管理员在2016-05-14 00:28登录了后台', 1, 1463156918, 2130706433),
(102, 1, 1, 'manager', 1, '超级管理员在2016-05-14 00:31登录了后台', 1, 1463157092, 2130706433),
(103, 1, 1, 'manager', 1, '超级管理员在2016-05-14 00:31登录了后台', 1, 1463157104, 2130706433),
(104, 1, 1, 'manager', 1, '超级管理员在2016-05-14 00:31登录了后台', 1, 1463157109, 2130706433),
(105, 1, 1, 'manager', 1, '超级管理员在2016-05-14 00:31登录了后台', 1, 1463157113, 2130706433),
(106, 1, 1, 'manager', 1, '超级管理员在2016-05-14 00:31登录了后台', 1, 1463157118, 2130706433),
(107, 1, 1, 'manager', 1, '超级管理员在2016-05-14 00:32登录了后台', 1, 1463157122, 2130706433),
(108, 1, 1, 'manager', 1, '超级管理员在2016-05-14 00:32登录了后台', 1, 1463157144, 2130706433),
(109, 1, 1, 'manager', 1, '超级管理员在2016-05-14 00:34登录了后台', 1, 1463157298, 2130706433),
(110, 1, 1, 'manager', 1, '超级管理员在2016-05-14 00:45登录了后台', 1, 1463157950, 2130706433),
(111, 1, 1, 'manager', 1, '超级管理员在2016-05-14 02:13登录了后台', 1, 1463163218, 2130706433),
(112, 1, 1, 'manager', 1, '超级管理员在2016-05-14 02:13登录了后台', 1, 1463163229, 2130706433),
(113, 1, 1, 'manager', 1, '超级管理员在2016-05-14 02:14登录了后台', 1, 1463163291, 2130706433),
(114, 1, 1, 'manager', 1, '超级管理员在2016-05-14 02:14登录了后台', 1, 1463163298, 2130706433),
(115, 1, 1, 'manager', 1, '超级管理员在2016-05-14 02:15登录了后台', 1, 1463163344, 2130706433),
(116, 1, 1, 'manager', 1, '超级管理员在2016-05-14 02:15登录了后台', 1, 1463163350, 2130706433),
(117, 1, 1, 'manager', 1, '超级管理员在2016-05-14 02:15登录了后台', 1, 1463163354, 2130706433),
(118, 1, 1, 'manager', 1, '超级管理员在2016-05-14 02:16登录了后台', 1, 1463163360, 2130706433),
(119, 1, 1, 'manager', 1, '超级管理员在2016-05-14 02:16登录了后台', 1, 1463163365, 2130706433),
(120, 1, 1, 'manager', 1, '超级管理员在2016-05-14 02:16登录了后台', 1, 1463163412, 2130706433),
(121, 1, 1, 'manager', 1, '超级管理员在2016-05-14 02:17登录了后台', 1, 1463163464, 2130706433),
(122, 1, 1, 'manager', 1, '超级管理员在2016-05-14 02:19登录了后台', 1, 1463163577, 2130706433),
(123, 1, 1, 'manager', 1, '超级管理员在2016-05-14 02:20登录了后台', 1, 1463163640, 2130706433),
(124, 1, 1, 'manager', 1, '超级管理员在2016-05-14 02:26登录了后台', 1, 1463163961, 2130706433),
(125, 1, 1, 'manager', 1, '超级管理员在2016-05-14 02:27登录了后台', 1, 1463164040, 2130706433),
(126, 1, 1, 'manager', 1, '超级管理员在2016-05-14 02:28登录了后台', 1, 1463164116, 2130706433),
(127, 1, 1, 'manager', 1, '超级管理员在2016-05-14 02:29登录了后台', 1, 1463164164, 2130706433),
(128, 1, 1, 'manager', 1, '超级管理员在2016-05-14 02:29登录了后台', 1, 1463164191, 2130706433),
(129, 1, 1, 'manager', 1, '超级管理员在2016-05-14 09:32登录了后台', 1, 1463189539, 2130706433),
(130, 1, 1, 'manager', 1, '超级管理员在2016-05-14 09:32登录了后台', 1, 1463189550, 2130706433),
(131, 1, 1, 'manager', 1, '超级管理员在2016-05-14 09:32登录了后台', 1, 1463189574, 2130706433),
(132, 1, 1, 'manager', 1, '超级管理员在2016-05-14 09:33登录了后台', 1, 1463189623, 2130706433),
(133, 1, 1, 'manager', 1, '超级管理员在2016-05-14 09:45登录了后台', 1, 1463190306, 2130706433),
(134, 1, 1, 'manager', 1, '超级管理员在2016-05-14 11:06登录了后台', 1, 1463195178, 2130706433),
(135, 1, 1, 'manager', 1, '超级管理员在2016-05-14 11:08登录了后台', 1, 1463195306, 2130706433),
(136, 1, 1, 'manager', 1, '超级管理员在2016-05-14 13:14登录了后台', 1, 1463202870, 2130706433),
(137, 15, 1, 'action', 20, '超级管理员在2016-05-14 13:26添加了行为', 1, 1463203566, 2130706433),
(138, 20, 1, '1', 1, '超级管理员在2016-05-14 13:32更新了缓存', 1, 1463203941, 2130706433),
(139, 20, 1, '1', 1, '超级管理员在2016-05-14 13:40更新了缓存', 1, 1463204400, 2130706433),
(140, 20, 1, '1', 1, '超级管理员在2016-05-14 13:40更新了缓存', 1, 1463204404, 2130706433),
(141, 1, 1, 'manager', 1, '超级管理员在2016-05-14 13:40登录了后台', 1, 1463204415, 2130706433),
(142, 20, 1, '1', 1, '超级管理员在2016-05-14 13:40更新了缓存', 1, 1463204425, 2130706433),
(143, 20, 1, '1', 1, '超级管理员在2016-05-14 13:41更新了缓存', 1, 1463204475, 2130706433),
(144, 20, 1, '1', 1, '超级管理员在2016-05-14 13:41更新了缓存', 1, 1463204479, 2130706433),
(145, 20, 1, '1', 1, '超级管理员在2016-05-14 13:41更新了缓存', 1, 1463204480, 2130706433),
(146, 20, 1, '1', 1, '超级管理员在2016-05-14 13:41更新了缓存', 1, 1463204481, 2130706433),
(147, 20, 1, '1', 1, '超级管理员在2016-05-14 13:42更新了缓存', 1, 1463204575, 2130706433),
(148, 20, 1, '1', 1, '超级管理员在2016-05-14 13:45更新了缓存', 1, 1463204732, 2130706433),
(149, 20, 1, '1', 1, '超级管理员在2016-05-14 13:46更新了缓存', 1, 1463204798, 2130706433),
(150, 20, 1, '1', 1, '超级管理员在2016-05-14 13:46更新了缓存', 1, 1463204800, 2130706433),
(151, 20, 1, '1', 1, '超级管理员在2016-05-14 13:46更新了缓存', 1, 1463204801, 2130706433),
(152, 20, 1, '1', 1, '超级管理员在2016-05-14 13:46更新了缓存', 1, 1463204802, 2130706433),
(153, 20, 1, '1', 1, '超级管理员在2016-05-14 13:46更新了缓存', 1, 1463204814, 2130706433),
(154, 20, 1, '1', 1, '超级管理员在2016-05-14 13:46更新了缓存', 1, 1463204816, 2130706433),
(155, 20, 1, '1', 1, '超级管理员在2016-05-14 13:46更新了缓存', 1, 1463204818, 2130706433),
(156, 20, 1, '1', 1, '超级管理员在2016-05-14 13:46更新了缓存', 1, 1463204818, 2130706433),
(157, 20, 1, '1', 1, '超级管理员在2016-05-14 13:46更新了缓存', 1, 1463204819, 2130706433),
(158, 20, 1, '1', 1, '超级管理员在2016-05-14 13:47更新了缓存', 1, 1463204820, 2130706433),
(159, 20, 1, '1', 1, '超级管理员在2016-05-14 13:47更新了缓存', 1, 1463204821, 2130706433),
(160, 20, 1, '1', 1, '超级管理员在2016-05-14 13:47更新了缓存', 1, 1463204821, 2130706433),
(161, 20, 1, '1', 1, '超级管理员在2016-05-14 13:47更新了缓存', 1, 1463204822, 2130706433),
(162, 20, 1, '1', 1, '超级管理员在2016-05-14 13:47更新了缓存', 1, 1463204823, 2130706433),
(163, 20, 1, '1', 1, '超级管理员在2016-05-14 13:47更新了缓存', 1, 1463204824, 2130706433),
(164, 20, 1, '1', 1, '超级管理员在2016-05-14 13:47更新了缓存', 1, 1463204824, 2130706433),
(165, 20, 1, '1', 1, '超级管理员在2016-05-14 13:47更新了缓存', 1, 1463204826, 2130706433),
(166, 20, 1, '1', 1, '超级管理员在2016-05-14 13:47更新了缓存', 1, 1463204827, 2130706433),
(167, 20, 1, '1', 1, '超级管理员在2016-05-14 13:47更新了缓存', 1, 1463204828, 2130706433),
(168, 20, 1, '1', 1, '超级管理员在2016-05-14 13:47更新了缓存', 1, 1463204829, 2130706433),
(169, 20, 1, '1', 1, '超级管理员在2016-05-14 13:47更新了缓存', 1, 1463204830, 2130706433),
(170, 20, 1, '1', 1, '超级管理员在2016-05-14 13:47更新了缓存', 1, 1463204831, 2130706433),
(171, 20, 1, '1', 1, '超级管理员在2016-05-14 13:47更新了缓存', 1, 1463204871, 2130706433),
(172, 20, 1, '1', 1, '超级管理员在2016-05-14 13:47更新了缓存', 1, 1463204875, 2130706433),
(173, 20, 1, '1', 1, '超级管理员在2016-05-14 13:47更新了缓存', 1, 1463204876, 2130706433),
(174, 20, 1, '1', 1, '超级管理员在2016-05-14 13:47更新了缓存', 1, 1463204876, 2130706433),
(175, 20, 1, '1', 1, '超级管理员在2016-05-14 13:47更新了缓存', 1, 1463204877, 2130706433),
(176, 20, 1, '1', 1, '超级管理员在2016-05-14 13:47更新了缓存', 1, 1463204878, 2130706433),
(177, 20, 1, '1', 1, '超级管理员在2016-05-14 13:47更新了缓存', 1, 1463204879, 2130706433),
(178, 20, 1, '1', 1, '超级管理员在2016-05-14 13:47更新了缓存', 1, 1463204879, 2130706433),
(179, 20, 1, '1', 1, '超级管理员在2016-05-14 13:48更新了缓存', 1, 1463204899, 2130706433),
(180, 20, 1, '1', 1, '超级管理员在2016-05-14 13:48更新了缓存', 1, 1463204900, 2130706433),
(181, 20, 1, '1', 1, '超级管理员在2016-05-14 13:48更新了缓存', 1, 1463204900, 2130706433),
(182, 20, 1, '1', 1, '超级管理员在2016-05-14 13:48更新了缓存', 1, 1463204901, 2130706433),
(183, 20, 1, '1', 1, '超级管理员在2016-05-14 13:48更新了缓存', 1, 1463204902, 2130706433),
(184, 20, 1, '1', 1, '超级管理员在2016-05-14 13:48更新了缓存', 1, 1463204902, 2130706433),
(185, 20, 1, '1', 1, '超级管理员在2016-05-14 13:48更新了缓存', 1, 1463204903, 2130706433),
(186, 20, 1, '1', 1, '超级管理员在2016-05-14 13:48更新了缓存', 1, 1463204904, 2130706433),
(187, 20, 1, '1', 1, '超级管理员在2016-05-14 13:48更新了缓存', 1, 1463204904, 2130706433),
(188, 20, 1, '1', 1, '超级管理员在2016-05-14 13:48更新了缓存', 1, 1463204905, 2130706433),
(189, 20, 1, '1', 1, '超级管理员在2016-05-14 13:48更新了缓存', 1, 1463204905, 2130706433),
(190, 20, 1, '1', 1, '超级管理员在2016-05-14 13:48更新了缓存', 1, 1463204906, 2130706433),
(191, 20, 1, '1', 1, '超级管理员在2016-05-14 13:48更新了缓存', 1, 1463204907, 2130706433),
(192, 20, 1, '1', 1, '超级管理员在2016-05-14 13:55更新了缓存', 1, 1463205349, 2130706433),
(193, 20, 1, '1', 1, '超级管理员在2016-05-14 13:55更新了缓存', 1, 1463205350, 2130706433),
(194, 20, 1, '1', 1, '超级管理员在2016-05-14 13:55更新了缓存', 1, 1463205351, 2130706433),
(195, 20, 1, '1', 1, '超级管理员在2016-05-14 13:55更新了缓存', 1, 1463205351, 2130706433),
(196, 20, 1, '1', 1, '超级管理员在2016-05-14 13:55更新了缓存', 1, 1463205352, 2130706433),
(197, 20, 1, '1', 1, '超级管理员在2016-05-14 13:55更新了缓存', 1, 1463205353, 2130706433),
(198, 20, 1, '1', 1, '超级管理员在2016-05-14 13:55更新了缓存', 1, 1463205353, 2130706433),
(199, 20, 1, '1', 1, '超级管理员在2016-05-14 13:55更新了缓存', 1, 1463205354, 2130706433),
(200, 20, 1, '1', 1, '超级管理员在2016-05-14 13:55更新了缓存', 1, 1463205355, 2130706433),
(201, 20, 1, '1', 1, '超级管理员在2016-05-14 13:55更新了缓存', 1, 1463205355, 2130706433),
(202, 20, 1, '1', 1, '超级管理员在2016-05-14 13:55更新了缓存', 1, 1463205356, 2130706433),
(203, 20, 1, '1', 1, '超级管理员在2016-05-14 13:55更新了缓存', 1, 1463205357, 2130706433),
(204, 20, 1, '1', 1, '超级管理员在2016-05-14 13:55更新了缓存', 1, 1463205357, 2130706433),
(205, 20, 1, '1', 1, '超级管理员在2016-05-14 13:55更新了缓存', 1, 1463205358, 2130706433),
(206, 20, 1, '1', 1, '超级管理员在2016-05-14 13:55更新了缓存', 1, 1463205358, 2130706433),
(207, 20, 1, '1', 1, '超级管理员在2016-05-14 13:56更新了缓存', 1, 1463205373, 2130706433),
(208, 20, 1, '1', 1, '超级管理员在2016-05-14 13:56更新了缓存', 1, 1463205374, 2130706433),
(209, 20, 1, '1', 1, '超级管理员在2016-05-14 13:57更新了缓存', 1, 1463205467, 2130706433),
(210, 20, 1, '1', 1, '超级管理员在2016-05-14 13:57更新了缓存', 1, 1463205468, 2130706433),
(211, 20, 1, '1', 1, '超级管理员在2016-05-14 13:57更新了缓存', 1, 1463205469, 2130706433),
(212, 20, 1, '1', 1, '超级管理员在2016-05-14 13:57更新了缓存', 1, 1463205470, 2130706433),
(213, 18, 1, 'authrule', 115, '超级管理员在2016-05-14 15:08修改了规则', 1, 1463209728, 2130706433),
(214, 20, 1, '1', 1, '超级管理员在2016-05-14 15:09更新了缓存', 1, 1463209776, 2130706433),
(215, 20, 1, '1', 1, '超级管理员在2016-05-14 15:09更新了缓存', 1, 1463209781, 2130706433),
(216, 20, 1, '1', 1, '超级管理员在2016-05-14 15:09更新了缓存', 1, 1463209782, 2130706433),
(217, 18, 1, 'authrule', 78, '超级管理员在2016-05-14 15:26修改了规则', 1, 1463210795, 2130706433),
(218, 21, 1, '1', 1, '在2016-05-14 21:07添加了管理用户', 1, 1463231242, 2130706433),
(219, 21, 1, 'manager', 38, '在2016-05-14 21:10添加了管理用户', 1, 1463231449, 2130706433),
(220, 15, 1, 'action', 26, '在2016-05-14 21:11添加了行为', 1, 1463231514, 2130706433),
(221, 18, 1, 'authrule', 1, '在2016-05-14 21:16修改了规则', 1, 1463231807, 2130706433),
(222, 21, 1, 'manager', 39, '在2016-05-14 21:25添加了管理用户', 1, 1463232308, 2130706433),
(223, 18, 1, 'authrule', 1, '在2016-05-14 21:31修改了规则', 1, 1463232696, 2130706433),
(224, 15, 1, 'action', 27, '在2016-05-14 21:57添加了行为', 1, 1463234234, 2130706433),
(225, 27, 1, 'manager', 1, '在2016-05-14 21:59禁用了管理用户', 1, 1463234391, 2130706433),
(226, 27, 1, 'manager', 1, '在2016-05-14 22:00禁用了管理用户', 1, 1463234432, 2130706433),
(227, 27, 1, 'manager', 28, '在2016-05-14 22:03禁用了管理用户', 1, 1463234591, 2130706433),
(228, 16, 1, 'action', 27, '在2016-05-14 22:11修改了行为', 1, 1463235066, 2130706433),
(229, 27, 1, 'manager', 34, '在2016-05-14 22:21启用了管理用户', 1, 1463235685, 2130706433),
(230, 27, 1, 'manager', 35, '在2016-05-14 22:21启用了管理用户', 1, 1463235706, 2130706433),
(231, 27, 1, 'manager', 35, '在2016-05-14 22:22启用了管理用户', 1, 1463235737, 2130706433),
(232, 27, 1, 'manager', 35, '在2016-05-14 22:24禁用了管理用户', 1, 1463235851, 2130706433),
(233, 27, 1, 'manager', 33, '在2016-05-14 22:28启用了管理用户', 1, 1463236108, 2130706433),
(234, 27, 1, 'manager', 34, '在2016-05-14 22:30启用了管理用户', 1, 1463236201, 2130706433),
(235, 27, 1, 'manager', 32, '在2016-05-14 22:30启用了管理用户', 1, 1463236206, 2130706433),
(236, 27, 1, 'manager', 35, '在2016-05-14 22:30启用了管理用户', 1, 1463236222, 2130706433),
(237, 20, 1, '1', 1, '在2016-05-14 22:33更新了缓存', 1, 1463236425, 2130706433),
(238, 27, 1, 'manager', 31, '在2016-05-14 22:41禁用了管理用户', 1, 1463236897, 2130706433),
(239, 27, 1, 'manager', 35, '在2016-05-14 22:42禁用了管理用户', 1, 1463236935, 2130706433),
(240, 27, 1, 'manager', 35, '在2016-05-14 22:43启用了管理用户', 1, 1463237029, 2130706433),
(241, 26, 1, 'manager', 35, '在2016-05-14 22:45修改了管理用户', 1, 1463237136, 2130706433),
(242, 26, 1, 'manager', 30, '在2016-05-14 22:45修改了管理用户', 1, 1463237156, 2130706433),
(243, 19, 1, 'manager', 1, '在2016-05-14 22:47删除了用户', 1, 1463237273, 2130706433),
(244, 15, 1, 'action', 28, '在2016-05-14 23:02添加了行为', 1, 1463238146, 2130706433),
(245, 16, 1, 'action', 28, '在2016-05-14 23:06修改了行为', 1, 1463238404, 2130706433),
(246, 15, 1, 'action', 29, '在2016-05-14 23:07添加了行为', 1, 1463238434, 2130706433),
(247, 16, 1, 'action', 29, '在2016-05-14 23:07修改了行为', 1, 1463238453, 2130706433),
(248, 1, 1, 'manager', 1, '在2016-05-14 23:20登录了后台', 1, 1463239221, 2130706433),
(249, 1, 1, 'manager', 1, '在2016-05-15 09:05登录了后台', 1, 1463274339, 2130706433),
(250, 20, 1, '1', 1, '在2016-05-15 09:48更新了缓存', 1, 1463276913, 2130706433),
(251, 18, 1, 'authrule', 1, '在2016-05-15 09:56修改了规则', 1, 1463277389, 2130706433),
(252, 18, 1, 'authrule', 27, '在2016-05-15 09:56修改了规则', 1, 1463277418, 2130706433),
(253, 15, 1, 'action', 30, '在2016-05-15 10:25添加了行为', 1, 1463279149, 2130706433),
(254, 27, 1, 'manager', 34, '在2016-05-15 10:28启用了管理用户', 1, 1463279333, 2130706433),
(255, 27, 1, 'manager', 33, '在2016-05-15 10:28启用了管理用户', 1, 1463279339, 2130706433),
(256, 30, 1, 'auth_rule', 1, '在2016-05-15 10:44启用了规则', 1, 1463280251, 2130706433),
(257, 30, 1, 'auth_rule', 1, '在2016-05-15 10:44启用了规则', 1, 1463280253, 2130706433),
(258, 30, 1, 'auth_rule', 1, '在2016-05-15 10:44启用了规则', 1, 1463280253, 2130706433),
(259, 30, 1, 'auth_rule', 1, '在2016-05-15 10:44启用了规则', 1, 1463280253, 2130706433),
(260, 30, 1, 'auth_rule', 1, '在2016-05-15 10:44启用了规则', 1, 1463280254, 2130706433),
(261, 30, 1, 'auth_rule', 1, '在2016-05-15 10:44启用了规则', 1, 1463280254, 2130706433),
(262, 30, 1, 'auth_rule', 1, '在2016-05-15 10:44启用了规则', 1, 1463280255, 2130706433),
(263, 30, 1, 'auth_rule', 1, '在2016-05-15 10:44启用了规则', 1, 1463280255, 2130706433),
(264, 30, 1, 'auth_rule', 1, '在2016-05-15 10:44启用了规则', 1, 1463280255, 2130706433),
(265, 30, 1, 'auth_rule', 1, '在2016-05-15 10:44启用了规则', 1, 1463280255, 2130706433),
(266, 30, 1, 'auth_rule', 1, '在2016-05-15 10:44启用了规则', 1, 1463280256, 2130706433),
(267, 30, 1, 'auth_rule', 1, '在2016-05-15 10:44启用了规则', 1, 1463280256, 2130706433),
(268, 30, 1, 'auth_rule', 1, '在2016-05-15 10:44启用了规则', 1, 1463280256, 2130706433),
(269, 30, 1, 'auth_rule', 205, '在2016-05-15 10:45禁用了规则', 1, 1463280313, 2130706433),
(270, 30, 1, 'auth_rule', 205, '在2016-05-15 10:45禁用了规则', 1, 1463280314, 2130706433),
(271, 30, 1, 'auth_rule', 205, '在2016-05-15 10:45禁用了规则', 1, 1463280315, 2130706433),
(272, 30, 1, 'auth_rule', 205, '在2016-05-15 10:45禁用了规则', 1, 1463280315, 2130706433),
(273, 30, 1, 'auth_rule', 205, '在2016-05-15 10:45禁用了规则', 1, 1463280315, 2130706433),
(274, 30, 1, 'auth_rule', 205, '在2016-05-15 10:45禁用了规则', 1, 1463280316, 2130706433),
(275, 30, 1, 'auth_rule', 205, '在2016-05-15 10:45禁用了规则', 1, 1463280316, 2130706433),
(276, 30, 1, 'auth_rule', 205, '在2016-05-15 10:45禁用了规则', 1, 1463280316, 2130706433),
(277, 30, 1, 'auth_rule', 205, '在2016-05-15 10:45禁用了规则', 1, 1463280316, 2130706433),
(278, 30, 1, 'auth_rule', 205, '在2016-05-15 10:45禁用了规则', 1, 1463280316, 2130706433),
(279, 30, 1, 'auth_rule', 205, '在2016-05-15 10:45禁用了规则', 1, 1463280316, 2130706433),
(280, 30, 1, 'auth_rule', 205, '在2016-05-15 10:47禁用了规则', 1, 1463280456, 2130706433),
(281, 30, 1, 'auth_rule', 205, '在2016-05-15 10:481了规则', 1, 1463280485, 2130706433),
(282, 30, 1, 'auth_rule', 205, '在2016-05-15 10:481了规则', 1, 1463280486, 2130706433),
(283, 30, 1, 'auth_rule', 205, '在2016-05-15 10:481了规则', 1, 1463280486, 2130706433),
(284, 30, 1, 'auth_rule', 205, '在2016-05-15 10:481了规则', 1, 1463280487, 2130706433),
(285, 30, 1, 'auth_rule', 205, '在2016-05-15 10:481了规则', 1, 1463280487, 2130706433),
(286, 30, 1, 'auth_rule', 205, '在2016-05-15 10:481了规则', 1, 1463280511, 2130706433),
(287, 30, 1, 'auth_rule', 205, '在2016-05-15 10:49禁用了规则', 1, 1463280545, 2130706433),
(288, 30, 1, 'auth_rule', 205, '在2016-05-15 10:50:12禁用了规则', 1, 1463280612, 2130706433),
(289, 30, 1, 'auth_rule', 205, '在2016-05-15 10:50:20禁用了规则', 1, 1463280620, 2130706433),
(290, 27, 1, 'manager', 34, '在2016-05-15 10:52:39禁用了管理用户', 1, 1463280759, 2130706433),
(291, 27, 1, 'manager', 33, '在2016-05-15 10:52:59禁用了管理用户', 1, 1463280779, 2130706433),
(292, 27, 1, 'manager', 34, '在2016-05-15 10:53:15启用了管理用户', 1, 1463280795, 2130706433),
(293, 30, 1, 'auth_rule', 205, '在2016-05-15 10:55:40启用了规则', 1, 1463280940, 2130706433),
(294, 30, 1, 'auth_rule', 205, '在2016-05-15 10:55:46启用了规则', 1, 1463280946, 2130706433),
(295, 30, 1, 'auth_rule', 205, '在2016-05-15 10:55:47启用了规则', 1, 1463280947, 2130706433),
(296, 30, 1, 'auth_rule', 205, '在2016-05-15 10:55:48启用了规则', 1, 1463280948, 2130706433),
(297, 30, 1, 'auth_rule', 205, '在2016-05-15 10:55:49启用了规则', 1, 1463280949, 2130706433),
(298, 30, 1, 'auth_rule', 205, '在2016-05-15 10:55:49启用了规则', 1, 1463280949, 2130706433),
(299, 30, 1, 'auth_rule', 205, '在2016-05-15 10:55:49启用了规则', 1, 1463280949, 2130706433),
(300, 30, 1, 'auth_rule', 205, '在2016-05-15 10:55:50启用了规则', 1, 1463280950, 2130706433),
(301, 30, 1, 'auth_rule', 205, '在2016-05-15 10:55:50启用了规则', 1, 1463280950, 2130706433),
(302, 30, 1, 'auth_rule', 205, '在2016-05-15 10:55:50启用了规则', 1, 1463280950, 2130706433),
(303, 30, 1, 'auth_rule', 205, '在2016-05-15 10:55:51启用了规则', 1, 1463280951, 2130706433),
(304, 30, 1, 'auth_rule', 205, '在2016-05-15 10:55:51启用了规则', 1, 1463280951, 2130706433),
(305, 30, 1, 'auth_rule', 205, '在2016-05-15 10:55:51启用了规则', 1, 1463280951, 2130706433),
(306, 30, 1, 'auth_rule', 205, '在2016-05-15 10:55:51启用了规则', 1, 1463280951, 2130706433),
(307, 30, 1, 'auth_rule', 205, '在2016-05-15 10:55:52启用了规则', 1, 1463280952, 2130706433),
(308, 30, 1, 'auth_rule', 205, '在2016-05-15 10:55:52启用了规则', 1, 1463280952, 2130706433),
(309, 30, 1, 'auth_rule', 205, '在2016-05-15 10:55:52启用了规则', 1, 1463280952, 2130706433),
(310, 30, 1, 'auth_rule', 205, '在2016-05-15 10:55:52启用了规则', 1, 1463280952, 2130706433),
(311, 30, 1, 'auth_rule', 205, '在2016-05-15 10:55:53启用了规则', 1, 1463280953, 2130706433),
(312, 30, 1, 'auth_rule', 205, '在2016-05-15 10:55:53启用了规则', 1, 1463280953, 2130706433),
(313, 30, 1, 'auth_rule', 205, '在2016-05-15 10:55:53启用了规则', 1, 1463280953, 2130706433),
(314, 30, 1, 'auth_rule', 205, '在2016-05-15 10:55:53启用了规则', 1, 1463280953, 2130706433),
(315, 30, 1, 'auth_rule', 205, '在2016-05-15 10:55:53启用了规则', 1, 1463280953, 2130706433),
(316, 30, 1, 'auth_rule', 205, '在2016-05-15 10:55:54启用了规则', 1, 1463280954, 2130706433),
(317, 30, 1, 'auth_rule', 205, '在2016-05-15 10:55:54启用了规则', 1, 1463280954, 2130706433),
(318, 30, 1, 'auth_rule', 205, '在2016-05-15 10:55:54启用了规则', 1, 1463280954, 2130706433),
(319, 30, 1, 'auth_rule', 205, '在2016-05-15 10:55:55启用了规则', 1, 1463280955, 2130706433),
(320, 30, 1, 'auth_rule', 205, '在2016-05-15 10:55:55启用了规则', 1, 1463280955, 2130706433),
(321, 30, 1, 'auth_rule', 205, '在2016-05-15 10:55:55启用了规则', 1, 1463280955, 2130706433),
(322, 30, 1, 'auth_rule', 205, '在2016-05-15 10:55:55启用了规则', 1, 1463280955, 2130706433),
(323, 30, 1, 'auth_rule', 205, '在2016-05-15 10:55:56启用了规则', 1, 1463280956, 2130706433),
(324, 30, 1, 'auth_rule', 205, '在2016-05-15 10:55:56启用了规则', 1, 1463280956, 2130706433),
(325, 30, 1, 'auth_rule', 205, '在2016-05-15 10:55:56启用了规则', 1, 1463280956, 2130706433),
(326, 30, 1, 'auth_rule', 205, '在2016-05-15 10:55:56启用了规则', 1, 1463280956, 2130706433),
(327, 30, 1, 'auth_rule', 205, '在2016-05-15 10:55:57启用了规则', 1, 1463280957, 2130706433),
(328, 30, 1, 'auth_rule', 205, '在2016-05-15 10:55:57启用了规则', 1, 1463280957, 2130706433),
(329, 30, 1, 'auth_rule', 205, '在2016-05-15 10:55:57启用了规则', 1, 1463280957, 2130706433),
(330, 30, 1, 'auth_rule', 205, '在2016-05-15 10:55:57启用了规则', 1, 1463280957, 2130706433),
(331, 30, 1, 'auth_rule', 205, '在2016-05-15 10:55:57启用了规则', 1, 1463280957, 2130706433),
(332, 30, 1, 'auth_rule', 205, '在2016-05-15 10:55:58启用了规则', 1, 1463280958, 2130706433),
(333, 30, 1, 'auth_rule', 205, '在2016-05-15 10:55:58启用了规则', 1, 1463280958, 2130706433),
(334, 30, 1, 'auth_rule', 205, '在2016-05-15 10:55:58启用了规则', 1, 1463280958, 2130706433),
(335, 30, 1, 'auth_rule', 205, '在2016-05-15 10:55:58启用了规则', 1, 1463280958, 2130706433),
(336, 30, 1, 'auth_rule', 205, '在2016-05-15 10:58:03启用了规则', 1, 1463281083, 2130706433),
(337, 30, 1, 'auth_rule', 205, '在2016-05-15 10:58:04启用了规则', 1, 1463281084, 2130706433),
(338, 30, 1, 'auth_rule', 205, '在2016-05-15 10:58:04启用了规则', 1, 1463281084, 2130706433),
(339, 30, 1, 'auth_rule', 205, '在2016-05-15 10:58:04启用了规则', 1, 1463281084, 2130706433),
(340, 30, 1, 'auth_rule', 205, '在2016-05-15 10:58:04启用了规则', 1, 1463281084, 2130706433),
(341, 30, 1, 'auth_rule', 205, '在2016-05-15 10:58:04启用了规则', 1, 1463281084, 2130706433),
(342, 30, 1, 'auth_rule', 205, '在2016-05-15 10:58:05启用了规则', 1, 1463281085, 2130706433),
(343, 30, 1, 'auth_rule', 205, '在2016-05-15 10:58:05启用了规则', 1, 1463281085, 2130706433),
(344, 30, 1, 'auth_rule', 205, '在2016-05-15 10:58:05启用了规则', 1, 1463281085, 2130706433),
(345, 30, 1, 'auth_rule', 205, '在2016-05-15 10:58:20启用了规则', 1, 1463281100, 2130706433),
(346, 30, 1, 'auth_rule', 205, '在2016-05-15 10:58:57启用了规则', 1, 1463281137, 2130706433),
(347, 30, 1, 'auth_rule', 205, '在2016-05-15 11:00:14启用了规则', 1, 1463281214, 2130706433),
(348, 30, 1, 'auth_rule', 205, '在2016-05-15 11:00:15启用了规则', 1, 1463281215, 2130706433),
(349, 30, 1, 'auth_rule', 205, '在2016-05-15 11:00:16启用了规则', 1, 1463281216, 2130706433),
(350, 30, 1, 'auth_rule', 205, '在2016-05-15 11:00:16启用了规则', 1, 1463281216, 2130706433),
(351, 30, 1, 'auth_rule', 205, '在2016-05-15 11:00:45启用了规则', 1, 1463281245, 2130706433),
(352, 30, 1, 'auth_rule', 205, '在2016-05-15 11:01:16启用了规则', 1, 1463281276, 2130706433),
(353, 30, 1, 'auth_rule', 205, '在2016-05-15 11:02:05启用了规则', 1, 1463281325, 2130706433),
(354, 30, 1, 'auth_rule', 205, '在2016-05-15 11:02:07启用了规则', 1, 1463281327, 2130706433),
(355, 30, 1, 'auth_rule', 205, '在2016-05-15 11:02:08启用了规则', 1, 1463281328, 2130706433),
(356, 30, 1, 'auth_rule', 205, '在2016-05-15 11:02:08启用了规则', 1, 1463281328, 2130706433),
(357, 30, 1, 'auth_rule', 205, '在2016-05-15 11:02:08启用了规则', 1, 1463281328, 2130706433),
(358, 30, 1, 'auth_rule', 205, '在2016-05-15 11:02:08启用了规则', 1, 1463281328, 2130706433),
(359, 30, 1, 'auth_rule', 205, '在2016-05-15 11:02:09启用了规则', 1, 1463281329, 2130706433),
(360, 30, 1, 'auth_rule', 205, '在2016-05-15 11:02:09启用了规则', 1, 1463281329, 2130706433),
(361, 30, 1, 'auth_rule', 205, '在2016-05-15 11:02:09启用了规则', 1, 1463281329, 2130706433),
(362, 30, 1, 'auth_rule', 205, '在2016-05-15 11:02:09启用了规则', 1, 1463281329, 2130706433),
(363, 30, 1, 'auth_rule', 205, '在2016-05-15 11:02:09启用了规则', 1, 1463281329, 2130706433),
(364, 30, 1, 'auth_rule', 205, '在2016-05-15 11:02:10启用了规则', 1, 1463281330, 2130706433),
(365, 30, 1, 'auth_rule', 205, '在2016-05-15 11:02:10启用了规则', 1, 1463281330, 2130706433),
(366, 30, 1, 'auth_rule', 205, '在2016-05-15 11:02:10启用了规则', 1, 1463281330, 2130706433),
(367, 30, 1, 'auth_rule', 205, '在2016-05-15 11:02:10启用了规则', 1, 1463281330, 2130706433),
(368, 30, 1, 'auth_rule', 205, '在2016-05-15 11:02:11启用了规则', 1, 1463281331, 2130706433),
(369, 30, 1, 'auth_rule', 205, '在2016-05-15 11:02:11启用了规则', 1, 1463281331, 2130706433),
(370, 30, 1, 'auth_rule', 205, '在2016-05-15 11:02:11启用了规则', 1, 1463281331, 2130706433),
(371, 30, 1, 'auth_rule', 205, '在2016-05-15 11:02:37启用了规则', 1, 1463281357, 2130706433),
(372, 30, 1, 'auth_rule', 205, '在2016-05-15 11:02:38启用了规则', 1, 1463281358, 2130706433),
(373, 30, 1, 'auth_rule', 205, '在2016-05-15 11:02:38启用了规则', 1, 1463281358, 2130706433),
(374, 30, 1, 'auth_rule', 205, '在2016-05-15 11:02:38启用了规则', 1, 1463281358, 2130706433),
(375, 30, 1, 'auth_rule', 205, '在2016-05-15 11:02:39启用了规则', 1, 1463281359, 2130706433),
(376, 30, 1, 'auth_rule', 205, '在2016-05-15 11:02:39启用了规则', 1, 1463281359, 2130706433),
(377, 30, 1, 'auth_rule', 205, '在2016-05-15 11:02:39启用了规则', 1, 1463281359, 2130706433),
(378, 30, 1, 'auth_rule', 205, '在2016-05-15 11:02:39启用了规则', 1, 1463281359, 2130706433),
(379, 30, 1, 'auth_rule', 205, '在2016-05-15 11:02:40启用了规则', 1, 1463281360, 2130706433),
(380, 30, 1, 'auth_rule', 205, '在2016-05-15 11:03:13启用了规则', 1, 1463281393, 2130706433),
(381, 30, 1, 'auth_rule', 205, '在2016-05-15 11:03:14启用了规则', 1, 1463281394, 2130706433),
(382, 30, 1, 'auth_rule', 205, '在2016-05-15 11:03:14启用了规则', 1, 1463281394, 2130706433),
(383, 30, 1, 'auth_rule', 205, '在2016-05-15 11:03:14启用了规则', 1, 1463281394, 2130706433),
(384, 30, 1, 'auth_rule', 205, '在2016-05-15 11:03:20启用了规则', 1, 1463281400, 2130706433),
(385, 30, 1, 'auth_rule', 205, '在2016-05-15 11:03:22启用了规则', 1, 1463281402, 2130706433),
(386, 30, 1, 'auth_rule', 205, '在2016-05-15 11:03:40启用了规则', 1, 1463281420, 2130706433),
(387, 30, 1, 'auth_rule', 205, '超级管理员在2016-05-15 11:04:42启用了规则', 1, 1463281482, 2130706433),
(388, 30, 1, 'auth_rule', 205, '超级管理员在2016-05-15 11:05:14启用了规则', 1, 1463281514, 2130706433),
(389, 30, 1, 'auth_rule', 205, '超级管理员在2016-05-15 11:05:15启用了规则', 1, 1463281515, 2130706433),
(390, 30, 1, 'auth_rule', 205, '超级管理员在2016-05-15 11:05:16启用了规则', 1, 1463281516, 2130706433),
(391, 30, 1, 'auth_rule', 205, '超级管理员在2016-05-15 11:05:26启用了规则', 1, 1463281526, 2130706433),
(392, 30, 1, 'auth_rule', 205, '超级管理员在2016-05-15 11:10:43启用了规则', 1, 1463281843, 2130706433),
(393, 16, 1, 'action', 27, '超级管理员在2016-05-15 11:11:06修改了行为', 1, 1463281866, 2130706433),
(394, 16, 1, 'action', 30, '超级管理员在2016-05-15 11:11:39修改了行为', 1, 1463281899, 2130706433),
(395, 30, 1, 'auth_rule', 205, '超级管理员在2016-05-15 11:11:59禁用了规则', 1, 1463281919, 2130706433),
(396, 30, 1, 'auth_rule', 205, '超级管理员在2016-05-15 11:12:00禁用了规则', 1, 1463281920, 2130706433),
(397, 30, 1, 'auth_rule', 205, '超级管理员在2016-05-15 11:12:47禁用了规则', 1, 1463281967, 2130706433),
(398, 27, 1, 'manager', 33, '超级管理员在2016-05-15 11:14:32启用了管理用户', 1, 1463282072, 2130706433),
(399, 30, 1, 'auth_rule', 205, '超级管理员在2016-05-15 11:15:09禁用了规则', 1, 1463282109, 2130706433),
(400, 30, 1, 'auth_rule', 205, '超级管理员在2016-05-15 11:15:11禁用了规则', 1, 1463282111, 2130706433),
(401, 30, 1, 'auth_rule', 205, '超级管理员在2016-05-15 11:15:16禁用了规则', 1, 1463282116, 2130706433),
(402, 30, 1, 'auth_rule', 205, '超级管理员在2016-05-15 11:17:08禁用了规则', 1, 1463282228, 2130706433),
(403, 30, 1, 'auth_rule', 205, '超级管理员在2016-05-15 11:17:29禁用了规则', 1, 1463282249, 2130706433),
(404, 30, 1, 'authrule', 205, '超级管理员在2016-05-15 11:29:43了规则', 1, 1463282983, 2130706433),
(405, 30, 1, 'auth_rule', 205, '超级管理员在2016-05-15 11:36:26启用了规则', 1, 1463283386, 2130706433),
(406, 30, 1, 'auth_rule', 205, '超级管理员在2016-05-15 11:36:27启用了规则', 1, 1463283387, 2130706433),
(407, 30, 1, 'authRule', 205, '超级管理员在2016-05-15 11:40:09禁用了规则', 1, 1463283609, 2130706433),
(408, 30, 1, 'auth_rule', 205, '超级管理员在2016-05-15 11:41:52启用了规则', 1, 1463283712, 2130706433),
(409, 30, 1, 'auth_rule', 205, '超级管理员在2016-05-15 11:42:09禁用了规则', 1, 1463283729, 2130706433),
(410, 19, 1, 'manager', 1, '超级管理员在2016-05-15 11:52:36删除了用户', 1, 1463284356, 2130706433),
(411, 15, 1, 'action', 31, '超级管理员在2016-05-15 11:56:33添加了行为', 1, 1463284593, 2130706433),
(412, 16, 1, 'action', 31, '超级管理员在2016-05-15 11:57:20修改了行为', 1, 1463284640, 2130706433),
(413, 31, 1, 'auth_rule', 1, '超级管理员在2016-05-15 11:57:29删除了规则', 1, 1463284649, 2130706433),
(414, 1, 1, 'manager', 1, '超级管理员在2016-05-15 12:36:06登录了后台', 1, 1463286966, 2130706433),
(415, 1, 1, 'manager', 1, '超级管理员在2016-05-15 12:37:11登录了后台', 1, 1463287031, 2130706433),
(416, 27, 1, 'manager', 32, '超级管理员在2016-05-15 12:37:24启用了管理用户', 1, 1463287044, 2130706433),
(417, 26, 1, 'manager', 32, '超级管理员在2016-05-15 12:37:42修改了管理用户', 1, 1463287062, 2130706433),
(418, 26, 1, 'manager', 32, '超级管理员在2016-05-15 12:38:15修改了管理用户', 1, 1463287095, 2130706433),
(419, 26, 1, 'manager', 3, '超级管理员在2016-05-15 12:38:32修改了管理用户', 1, 1463287112, 2130706433),
(420, 1, 1, 'manager', 1, '超级管理员在2016-05-15 12:40:28登录了后台', 1, 1463287228, 2130706433),
(421, 19, 1, 'manager', 34, '超级管理员在2016-05-15 12:40:35删除了用户', 1, 1463287235, 2130706433),
(422, 19, 1, 'manager', 33, '超级管理员在2016-05-15 12:40:38删除了用户', 1, 1463287238, 2130706433),
(423, 19, 1, 'manager', 32, '超级管理员在2016-05-15 12:40:41删除了用户', 1, 1463287241, 2130706433),
(424, 19, 1, 'manager', 29, '超级管理员在2016-05-15 12:40:44删除了用户', 1, 1463287244, 2130706433),
(425, 19, 1, 'manager', 31, '超级管理员在2016-05-15 12:40:47删除了用户', 1, 1463287247, 2130706433),
(426, 19, 1, 'manager', 26, '超级管理员在2016-05-15 12:40:50删除了用户', 1, 1463287250, 2130706433),
(427, 19, 1, 'manager', 25, '超级管理员在2016-05-15 12:40:53删除了用户', 1, 1463287253, 2130706433),
(428, 19, 1, 'manager', 23, '超级管理员在2016-05-15 12:40:56删除了用户', 1, 1463287256, 2130706433),
(429, 19, 1, 'manager', 22, '超级管理员在2016-05-15 12:40:59删除了用户', 1, 1463287259, 2130706433),
(430, 19, 1, 'manager', 21, '超级管理员在2016-05-15 12:41:01删除了用户', 1, 1463287261, 2130706433),
(431, 19, 1, 'manager', 20, '超级管理员在2016-05-15 12:41:04删除了用户', 1, 1463287264, 2130706433),
(432, 19, 1, 'manager', 19, '超级管理员在2016-05-15 12:41:07删除了用户', 1, 1463287267, 2130706433),
(433, 26, 1, 'manager', 3, '超级管理员在2016-05-15 12:48:00修改了管理用户', 1, 1463287680, 2130706433),
(434, 1, 3, 'manager', 3, '在2016-05-15 12:52:51登录了后台', 1, 1463287971, 2130706433),
(435, 18, 1, 'auth_rule', 27, '超级管理员在2016-05-15 12:55:53修改了规则', 1, 1463288153, 2130706433),
(436, 20, 1, '1', 1, '超级管理员在2016-05-15 13:01:02更新了缓存', 1, 1463288462, 2130706433),
(437, 15, 1, 'action', 32, '超级管理员在2016-05-15 13:10:50添加了行为', 1, 1463289050, 2130706433),
(438, 32, 1, 'auth_rule', 112, '超级管理员在2016-05-15 13:13:07设置了控制台菜单显示状态', 1, 1463289187, 2130706433),
(439, 32, 1, 'auth_rule', 205, '超级管理员在2016-05-15 13:13:27设置了控制台菜单显示状态', 1, 1463289207, 2130706433),
(440, 18, 1, 'auth_rule', 219, '超级管理员在2016-05-15 13:16:58修改了规则', 1, 1463289418, 2130706433),
(441, 18, 1, 'auth_rule', 219, '超级管理员在2016-05-15 13:18:31修改了规则', 1, 1463289511, 2130706433),
(442, 18, 1, 'auth_rule', 219, '超级管理员在2016-05-15 13:22:40修改了规则', 1, 1463289760, 2130706433),
(443, 15, 1, 'action', 33, '超级管理员在2016-05-15 13:27:27添加了行为', 1, 1463290047, 2130706433),
(444, 33, 1, 'auth_rule', 205, '超级管理员在2016-05-15 13:27:51更新了权限认证状态', 1, 1463290071, 2130706433),
(445, 33, 1, 'auth_rule', 27, '超级管理员在2016-05-15 13:28:48更新了权限认证状态', 1, 1463290128, 2130706433),
(446, 33, 1, 'auth_rule', 205, '超级管理员在2016-05-15 13:29:28更新了权限认证状态', 1, 1463290168, 2130706433),
(447, 33, 1, 'auth_rule', 205, '超级管理员在2016-05-15 13:30:17更新了权限认证状态', 1, 1463290217, 2130706433),
(448, 33, 1, 'auth_rule', 205, '超级管理员在2016-05-15 13:31:04更新了权限认证状态', 1, 1463290264, 2130706433),
(449, 33, 1, 'auth_rule', 205, '超级管理员在2016-05-15 13:31:50更新了权限认证状态', 1, 1463290310, 2130706433),
(450, 33, 1, 'auth_rule', 112, '超级管理员在2016-05-15 13:38:49更新了权限认证状态', 1, 1463290729, 2130706433),
(451, 33, 1, 'auth_rule', 112, '超级管理员在2016-05-15 13:38:53更新了权限认证状态', 1, 1463290733, 2130706433),
(452, 32, 1, 'auth_rule', 113, '超级管理员在2016-05-15 13:41:13设置了控制台菜单显示状态', 1, 1463290873, 2130706433),
(453, 32, 1, 'auth_rule', 205, '超级管理员在2016-05-15 13:44:34设置了控制台菜单显示状态', 1, 1463291074, 2130706433),
(454, 27, 1, 'manager', 8, '超级管理员在2016-05-15 14:04:43启用了管理用户', 1, 1463292283, 2130706433),
(455, 27, 1, 'manager', 18, '超级管理员在2016-05-15 14:05:05启用了管理用户', 1, 1463292305, 2130706433),
(456, 27, 1, 'manager', 17, '超级管理员在2016-05-15 14:05:08启用了管理用户', 1, 1463292308, 2130706433),
(457, 1, 1, 'manager', 1, '超级管理员在2016-05-15 14:07:55登录了后台', 1, 1463292475, 2130706433),
(458, 27, 1, 'manager', 16, '超级管理员在2016-05-15 14:08:13启用了管理用户', 1, 1463292493, 2130706433),
(459, 19, 1, 'manager', 17, '超级管理员在2016-05-15 14:23:10删除了用户', 1, 1463293390, 2130706433),
(460, 19, 1, 'manager', 18, '超级管理员在2016-05-15 14:23:13删除了用户', 1, 1463293393, 2130706433),
(461, 19, 1, 'manager', 8, '超级管理员在2016-05-15 14:23:21删除了用户', 1, 1463293401, 2130706433),
(462, 27, 1, 'manager', 15, '超级管理员在2016-05-15 14:25:04启用了管理用户', 1, 1463293504, 2130706433),
(463, 27, 1, 'manager', 14, '超级管理员在2016-05-15 14:25:08启用了管理用户', 1, 1463293508, 2130706433),
(464, 27, 1, 'manager', 13, '超级管理员在2016-05-15 14:25:11启用了管理用户', 1, 1463293511, 2130706433),
(465, 15, 1, 'action', 34, '超级管理员在2016-05-15 14:47:53添加了行为', 1, 1463294873, 2130706433),
(466, 34, 1, 'auth_group', 12, '超级管理员在2016-05-15 14:48:19禁用角色', 1, 1463294899, 2130706433),
(467, 16, 1, 'action', 34, '超级管理员在2016-05-15 14:48:48修改了行为', 1, 1463294928, 2130706433),
(468, 15, 1, 'action', 35, '超级管理员在2016-05-15 14:50:59添加了行为', 1, 1463295059, 2130706433),
(469, 15, 1, 'action', 36, '超级管理员在2016-05-15 14:51:50添加了行为', 1, 1463295110, 2130706433),
(470, 15, 1, 'action', 37, '超级管理员在2016-05-15 14:52:25添加了行为', 1, 1463295145, 2130706433),
(471, 18, 1, 'auth_rule', 101, '超级管理员在2016-05-15 14:54:08修改了规则', 1, 1463295248, 2130706433),
(472, 32, 1, 'auth_rule', 105, '超级管理员在2016-05-15 14:58:08设置了控制台菜单显示状态', 1, 1463295488, 2130706433),
(473, 31, 1, 'auth_rule', 217, '超级管理员在2016-05-15 17:46:20删除了规则', 1, 1463305580, 2130706433),
(474, 20, 1, '1', 1, '超级管理员在2016-05-15 17:48:34更新了缓存', 1, 1463305714, 2130706433),
(475, 20, 1, '1', 1, '超级管理员在2016-05-15 17:49:09更新了缓存', 1, 1463305749, 2130706433),
(476, 33, 1, 'auth_rule', 116, '超级管理员在2016-05-15 17:50:37更新了权限认证状态', 1, 1463305837, 2130706433),
(477, 36, 1, 'auth_group', 2, '超级管理员在2016-05-15 21:11:02编辑了角色', 1, 1463317862, 2130706433),
(478, 36, 1, 'auth_group', 2, '超级管理员在2016-05-15 21:11:43编辑了角色', 1, 1463317903, 2130706433),
(479, 1, 3, 'manager', 3, '在2016-05-15 21:12:31登录了后台', 1, 1463317951, 2130706433),
(480, 21, 1, 'manager', 40, '超级管理员在2016-05-15 21:44:02添加了管理用户', 1, 1463319842, 2130706433),
(481, 26, 1, 'manager', 4, '超级管理员在2016-05-15 21:58:56修改了管理用户', 1, 1463320736, 2130706433),
(482, 19, 1, 'manager', 16, '超级管理员在2016-05-15 21:59:19删除了用户', 1, 1463320759, 2130706433),
(483, 19, 1, 'manager', 15, '超级管理员在2016-05-15 21:59:23删除了用户', 1, 1463320763, 2130706433),
(484, 19, 1, 'manager', 14, '超级管理员在2016-05-15 21:59:27删除了用户', 1, 1463320767, 2130706433),
(485, 19, 1, 'manager', 13, '超级管理员在2016-05-15 21:59:32删除了用户', 1, 1463320772, 2130706433),
(486, 19, 1, 'manager', 12, '超级管理员在2016-05-15 21:59:38删除了用户', 1, 1463320778, 2130706433),
(487, 19, 1, 'manager', 11, '超级管理员在2016-05-15 21:59:45删除了用户', 1, 1463320785, 2130706433),
(488, 19, 1, 'manager', 9, '超级管理员在2016-05-15 21:59:48删除了用户', 1, 1463320788, 2130706433),
(489, 26, 1, 'manager', 4, '超级管理员在2016-05-15 22:00:03修改了管理用户', 1, 1463320803, 2130706433),
(490, 26, 1, 'manager', 4, '超级管理员在2016-05-15 22:01:02修改了管理用户', 1, 1463320862, 2130706433),
(491, 26, 1, 'manager', 4, '超级管理员在2016-05-15 22:03:13修改了管理用户', 1, 1463320993, 2130706433),
(492, 26, 1, 'manager', 4, '超级管理员在2016-05-15 22:06:01修改了管理用户', 1, 1463321161, 2130706433),
(493, 26, 1, 'manager', 4, '超级管理员在2016-05-15 22:23:27修改了管理用户', 1, 1463322207, 2130706433),
(494, 1, 1, 'manager', 1, '超级管理员在2016-05-15 22:54:09登录了后台', 1, 1463324049, 2130706433),
(495, 1, 3, 'manager', 3, '在2016-05-15 22:56:10登录了后台', 1, 1463324170, 2130706433),
(496, 36, 1, 'auth_group', 8, '超级管理员在2016-05-15 23:02:46编辑了角色', 1, 1463324566, 2130706433),
(497, 33, 1, 'auth_rule', 119, '超级管理员在2016-05-15 23:04:43更新了权限认证状态', 1, 1463324683, 2130706433),
(498, 33, 1, 'auth_rule', 2, '超级管理员在2016-05-15 23:05:16更新了权限认证状态', 1, 1463324716, 2130706433),
(499, 33, 1, 'auth_rule', 21, '超级管理员在2016-05-15 23:05:26更新了权限认证状态', 1, 1463324726, 2130706433),
(500, 33, 1, 'auth_rule', 23, '超级管理员在2016-05-15 23:06:03更新了权限认证状态', 1, 1463324763, 2130706433),
(501, 33, 1, 'auth_rule', 24, '超级管理员在2016-05-15 23:06:12更新了权限认证状态', 1, 1463324772, 2130706433),
(502, 33, 1, 'auth_rule', 25, '超级管理员在2016-05-15 23:06:17更新了权限认证状态', 1, 1463324777, 2130706433),
(503, 33, 1, 'auth_rule', 26, '超级管理员在2016-05-15 23:06:27更新了权限认证状态', 1, 1463324787, 2130706433),
(504, 20, 3, '1', 3, '在2016-05-15 23:08:42更新了缓存', 1, 1463324922, 2130706433),
(505, 33, 1, 'auth_rule', 113, '超级管理员在2016-05-15 23:09:51更新了权限认证状态', 1, 1463324991, 2130706433),
(506, 33, 1, 'auth_rule', 27, '超级管理员在2016-05-15 23:10:41更新了权限认证状态', 1, 1463325041, 2130706433),
(507, 1, 3, 'manager', 3, '在2016-05-15 23:11:08登录了后台', 1, 1463325068, 2130706433),
(508, 36, 1, 'auth_group', 8, '超级管理员在2016-05-15 23:11:55编辑了角色', 1, 1463325115, 2130706433),
(509, 33, 1, 'auth_rule', 116, '超级管理员在2016-05-15 23:26:54更新了权限认证状态', 1, 1463326014, 2130706433),
(510, 1, 3, 'manager', 3, '在2016-05-15 23:36:42登录了后台', 1, 1463326602, 2130706433),
(511, 1, 3, 'manager', 3, 'ceroot在2016-05-15 23:37:37登录了后台', 1, 1463326657, 2130706433),
(512, 16, 1, 'action', 37, '超级管理员在2016-05-15 23:41:41修改了行为', 1, 1463326901, 2130706433),
(513, 18, 1, 'auth_rule', 112, '超级管理员在2016-05-15 23:52:03修改了规则', 1, 1463327523, 2130706433),
(514, 18, 1, 'auth_rule', 112, '超级管理员在2016-05-15 23:52:20修改了规则', 1, 1463327540, 2130706433),
(515, 33, 1, 'auth_rule', 112, '超级管理员在2016-05-15 23:53:28更新了权限认证状态', 1, 1463327608, 2130706433),
(516, 30, 1, 'auth_rule', 112, '超级管理员在2016-05-15 23:58:21禁用了规则', 1, 1463327901, 2130706433),
(517, 30, 1, 'auth_rule', 112, '超级管理员在2016-05-16 00:03:21启用了规则', 1, 1463328201, 2130706433),
(518, 30, 1, 'auth_rule', 112, '超级管理员在2016-05-16 00:06:37禁用了规则', 1, 1463328397, 2130706433),
(519, 30, 1, 'auth_rule', 112, '超级管理员在2016-05-16 00:12:39启用了规则', 1, 1463328759, 2130706433),
(520, 30, 1, 'auth_rule', 112, '超级管理员在2016-05-16 00:13:21禁用了规则', 1, 1463328801, 2130706433),
(521, 30, 1, 'auth_rule', 112, '超级管理员在2016-05-16 00:18:00启用了规则', 1, 1463329080, 2130706433),
(522, 30, 1, 'auth_rule', 116, '超级管理员在2016-05-16 00:19:42禁用了规则', 1, 1463329182, 2130706433),
(523, 30, 1, 'auth_rule', 116, '超级管理员在2016-05-16 00:20:36启用了规则', 1, 1463329236, 2130706433),
(524, 30, 1, 'auth_rule', 112, '超级管理员在2016-05-16 00:21:26禁用了规则', 1, 1463329286, 2130706433),
(525, 20, 1, '1', 1, '超级管理员在2016-05-16 00:27:24更新了缓存', 1, 1463329644, 2130706433),
(526, 30, 1, 'auth_rule', 116, '超级管理员在2016-05-16 00:30:57禁用了规则', 1, 1463329857, 2130706433),
(527, 30, 1, 'auth_rule', 112, '超级管理员在2016-05-16 00:31:19启用了规则', 1, 1463329879, 2130706433),
(528, 33, 1, 'auth_rule', 116, '超级管理员在2016-05-16 00:31:38更新了权限认证状态', 1, 1463329898, 2130706433),
(529, 20, 1, '1', 1, '超级管理员在2016-05-16 00:31:46更新了缓存', 1, 1463329906, 2130706433),
(530, 33, 1, 'auth_rule', 116, '超级管理员在2016-05-16 00:32:00更新了权限认证状态', 1, 1463329920, 2130706433),
(531, 30, 1, 'auth_rule', 116, '超级管理员在2016-05-16 00:32:04启用了规则', 1, 1463329924, 2130706433),
(532, 31, 1, 'auth_rule', 221, '超级管理员在2016-05-16 00:36:00删除了规则', 1, 1463330160, 2130706433),
(533, 19, 1, 'manager', 10, '超级管理员在2016-05-16 00:36:20删除了用户', 1, 1463330180, 2130706433),
(534, 19, 1, 'manager', 7, '超级管理员在2016-05-16 00:36:23删除了用户', 1, 1463330183, 2130706433),
(535, 19, 1, 'manager', 6, '超级管理员在2016-05-16 00:36:27删除了用户', 1, 1463330187, 2130706433);

-- --------------------------------------------------------

--
-- 表的结构 `cy_auth_group`
--

CREATE TABLE IF NOT EXISTS `cy_auth_group` (
  `id` mediumint(8) unsigned NOT NULL,
  `title` char(100) NOT NULL DEFAULT '',
  `status` tinyint(1) NOT NULL DEFAULT '1' COMMENT '状态，1为正常，0为禁用',
  `rules` text NOT NULL,
  `describe` char(50) NOT NULL DEFAULT ''
) ENGINE=MyISAM AUTO_INCREMENT=15 DEFAULT CHARSET=utf8 ROW_FORMAT=DYNAMIC;

--
-- 转存表中的数据 `cy_auth_group`
--

INSERT INTO `cy_auth_group` (`id`, `title`, `status`, `rules`, `describe`) VALUES
(1, '超级管理员', 1, '', '拥有全部权限'),
(2, '网站管理员', 1, '2,21,23,24,25,26,22,28,29,30,8,85,106,88,111', '拥有相对多的权限'),
(3, '发布人员', 1, '1,2,21,23,24,25,26,22,27,28,29,30', '拥有发布、修改文章的权限'),
(4, '编辑', 1, '1,112,113,116,117,2,21,23,24,25,26,22,27,28,29,30', '拥有文章模块的所有权限'),
(8, '默认组', 1, '1,27', '拥有一些通用的权限'),
(9, 'yctest', 1, '2,21,23,24,25,26,22,27,28,29,30', ''),
(10, 'ddd', 1, '', ''),
(11, 'dddddd', 1, '', ''),
(12, 'd3', 0, '', ''),
(13, 'a1', 0, '', '');

-- --------------------------------------------------------

--
-- 表的结构 `cy_auth_group_access`
--

CREATE TABLE IF NOT EXISTS `cy_auth_group_access` (
  `uid` mediumint(8) unsigned NOT NULL,
  `group_id` mediumint(8) unsigned NOT NULL
) ENGINE=MyISAM DEFAULT CHARSET=utf8 ROW_FORMAT=DYNAMIC;

--
-- 转存表中的数据 `cy_auth_group_access`
--

INSERT INTO `cy_auth_group_access` (`uid`, `group_id`) VALUES
(2, 1),
(2, 2),
(3, 8),
(4, 2),
(10, 2),
(17, 2),
(18, 2),
(19, 9);

-- --------------------------------------------------------

--
-- 表的结构 `cy_auth_rule`
--

CREATE TABLE IF NOT EXISTS `cy_auth_rule` (
  `id` mediumint(8) unsigned NOT NULL,
  `pid` mediumint(8) unsigned NOT NULL DEFAULT '0' COMMENT '父级id',
  `name` char(80) NOT NULL DEFAULT '',
  `title` char(20) NOT NULL DEFAULT '',
  `condition` char(100) NOT NULL DEFAULT '',
  `controller` tinyint(1) NOT NULL DEFAULT '0' COMMENT '是否是控制器，0不是，1是',
  `instantiation` tinyint(1) NOT NULL DEFAULT '0' COMMENT '是否需要实例化，0为不需要，1为需要',
  `auth` tinyint(1) NOT NULL DEFAULT '1' COMMENT '是否需要权限验证，1为需要，0为不需要',
  `type` tinyint(1) NOT NULL DEFAULT '1',
  `status` tinyint(1) NOT NULL DEFAULT '1' COMMENT '状态，1为正常，0为禁用',
  `isnavshow` tinyint(1) NOT NULL DEFAULT '1' COMMENT '是否显示导航，0为隐藏，1为显示',
  `icon` char(40) NOT NULL COMMENT '图标',
  `sort` smallint(6) NOT NULL DEFAULT '100' COMMENT '排序，越大越往后',
  `create_time` int(11) NOT NULL COMMENT '添加时间',
  `update_time` int(11) NOT NULL COMMENT '修改时间'
) ENGINE=InnoDB AUTO_INCREMENT=222 DEFAULT CHARSET=utf8 ROW_FORMAT=DYNAMIC;

--
-- 转存表中的数据 `cy_auth_rule`
--

INSERT INTO `cy_auth_rule` (`id`, `pid`, `name`, `title`, `condition`, `controller`, `instantiation`, `auth`, `type`, `status`, `isnavshow`, `icon`, `sort`, `create_time`, `update_time`) VALUES
(1, 0, 'index', '控制台', '', 1, 0, 0, 1, 1, 1, 'fa-home', 0, 0, 1463277389),
(2, 0, 'Product', '产品管理', '', 1, 1, 1, 1, 1, 1, 'fa-product-hunt', 100, 0, 1463324716),
(3, 0, 'order', '订单管理', '', 1, 0, 1, 1, 1, 1, 'fa-home', 100, 0, 0),
(4, 0, 'Business', '商家管理', '', 1, 1, 1, 1, 1, 0, 'fa-reorder', 100, 0, 0),
(5, 0, 'Content', '内容管理', '', 0, 1, 1, 1, 1, 1, 'fa-list-alt', 100, 0, 0),
(6, 0, 'Member', '会员管理', '', 1, 1, 1, 1, 1, 1, 'fa-home', 100, 0, 1448439897),
(7, 0, 'auth', '权限管理', '', 0, 0, 1, 1, 1, 1, 'fa-random', 100, 0, 0),
(8, 0, 'System', '系统管理', '', 0, 0, 1, 1, 1, 1, 'fa-gears', 100, 0, 0),
(21, 2, 'product/list', '产品管理', '', 0, 0, 1, 1, 1, 1, '', 100, 0, 1463324726),
(22, 2, 'Examine', '审核管理', '', 0, 0, 1, 1, 1, 1, '', 100, 0, 0),
(23, 21, 'Scenery', '旅游线路管理', '', 0, 0, 1, 1, 1, 1, '', 100, 0, 1463324763),
(24, 21, 'Hotel', '酒店管理', '', 0, 0, 1, 1, 1, 1, '', 100, 0, 1463324772),
(25, 21, 'Travelticket', '景区门票', '', 0, 0, 1, 1, 1, 1, '', 100, 0, 1463324777),
(26, 21, 'Group', '休闲美食', '', 0, 0, 1, 1, 1, 1, '', 100, 0, 1463324787),
(27, 1, 'index/index', '控制台首页', '', 0, 0, 0, 1, 1, 1, '', 0, 0, 1463325041),
(28, 22, 'Hotel/hotelListt', '酒店审核', '', 0, 0, 1, 1, 1, 1, '', 100, 0, 0),
(29, 22, 'TravelTicket/ticketListt', '景区门票审核', '', 0, 0, 1, 1, 1, 1, '', 100, 0, 0),
(30, 22, 'Group/indexx', '美食审核', '', 0, 0, 1, 1, 1, 1, '', 100, 0, 0),
(31, 3, 'order/index', '旅游路线订单列表', '', 0, 0, 1, 1, 1, 1, '', 100, 0, 0),
(32, 31, 'order/index2', '酒店订单列表', '', 0, 0, 1, 1, 1, 1, '', 100, 0, 0),
(33, 3, 'order/index3', '景区门票订单列表', '', 0, 0, 1, 1, 1, 1, '', 100, 0, 0),
(34, 33, 'order/index4', '休闲美食订单列表', '', 0, 0, 1, 1, 1, 1, '', 100, 0, 0),
(35, 33, 'order/index5', '旅游路线订单列表', '', 0, 0, 1, 1, 1, 1, '', 100, 0, 0),
(52, 5, 'Message', '留言管理', '', 0, 0, 1, 1, 1, 1, '', 100, 0, 0),
(53, 5, 'Message/messagelist', '留言列表', '', 0, 0, 1, 1, 1, 0, '', 100, 0, 0),
(54, 5, 'Ad', '广告管理', '', 0, 0, 1, 1, 1, 1, '', 100, 0, 0),
(61, 6, 'Member/mg', '会员设置', '', 0, 0, 1, 1, 1, 1, '', 100, 0, 1448439882),
(62, 61, 'Member/index', '会员列表', '', 0, 0, 1, 1, 1, 1, '', 100, 0, 0),
(71, 7, 'manager/index', '管理员管理', '', 0, 0, 1, 1, 1, 1, '', 100, 0, 0),
(72, 7, 'authRule/index', '规则管理', '', 0, 0, 1, 1, 1, 1, '', 100, 0, 1462501796),
(73, 72, 'authRule/list', '规则列表', '', 0, 0, 1, 1, 1, 1, '', 100, 0, 1462499019),
(74, 72, 'authRule/add', '添加规则', '', 0, 0, 1, 1, 1, 1, '', 100, 0, 1462501823),
(75, 72, 'authRule/edit', '编辑规则', '', 0, 0, 1, 1, 1, 0, '', 100, 0, 1462703587),
(76, 72, 'auth_rule/del', '删除规则', '', 0, 0, 1, 1, 1, 0, '', 100, 0, 1462703567),
(77, 71, 'manager/list', '管理员列表', '', 0, 0, 1, 1, 1, 1, '', 100, 0, 0),
(78, 71, 'manager/add', '添加管理员', '', 0, 0, 1, 1, 1, 1, '', 100, 0, 1463210795),
(79, 71, 'Manager/edit', '编辑管理员', '', 0, 0, 1, 1, 1, 0, '', 100, 0, 0),
(80, 71, 'manager/log', '管理员日志', '', 0, 0, 1, 1, 1, 1, '', 100, 0, 1462807107),
(81, 8, 'cache/index', '缓存管理', '', 1, 0, 1, 1, 1, 1, '', 100, 0, 1448439593),
(82, 8, 'MobileCode', '短信管理', '', 0, 0, 1, 1, 1, 1, '', 100, 0, 0),
(83, 8, 'Backup', '数据库管理', '', 1, 0, 1, 1, 1, 1, '', 100, 0, 1448439961),
(84, 81, 'cache/cache', '更新缓存', '', 0, 0, 1, 1, 1, 1, '', 100, 0, 0),
(85, 8, 'Visitcount', '访问统计', '', 1, 1, 1, 1, 1, 1, '', 100, 0, 1448439997),
(86, 85, 'Visitcount/index', '访问概况', '', 0, 0, 1, 1, 1, 1, '', 100, 0, 0),
(87, 85, 'Visitcount/today', '今日访问排行', '', 0, 0, 1, 1, 1, 1, '', 100, 0, 0),
(88, 8, 'Pay', '支付设置', '', 1, 0, 1, 1, 1, 1, '', 100, 0, 1448440009),
(91, 0, 'Other', '未归类', '', 0, 0, 1, 1, 1, 0, '', 100, 1448010613, 1448021414),
(101, 7, 'authGroup/index', '角色管理', '', 0, 0, 1, 1, 1, 1, '', 100, 0, 1463295248),
(102, 101, 'AuthGroup/add', '角色添加', '', 0, 0, 1, 1, 1, 1, '', 100, 0, 1462695304),
(103, 101, 'AuthGroup/edit', '角色编辑', '', 0, 0, 1, 1, 1, 0, '', 100, 0, 0),
(104, 101, 'AuthGroup/del', '角色删除', '', 0, 0, 1, 1, 1, 0, '', 100, 0, 0),
(105, 101, 'AuthGroup/rule', '分配权限', '', 0, 0, 1, 1, 1, 0, '', 100, 0, 1463295488),
(106, 85, 'Visitcount/latest', '实时访客', '', 0, 0, 1, 1, 1, 1, '', 100, 0, 0),
(107, 7, 'action/index', '行为管理', '', 0, 0, 1, 1, 1, 1, '', 100, 0, 0),
(108, 107, 'action/list', '用户行为', '', 0, 0, 1, 1, 1, 1, '', 100, 0, 0),
(109, 82, 'action', '行为管理控制器', '', 0, 0, 1, 1, 1, 0, '', 100, 0, 0),
(110, 107, 'actionLog/list', '行为日志', '', 0, 0, 1, 1, 1, 1, '', 101, 1448348339, 1462807148),
(111, 88, 'Pay/chinabanck', '网银在线设置', '', 0, 0, 1, 1, 1, 1, '', 100, 1448348382, 0),
(112, 1, 'index/index1111', '首页控制器', '', 0, 0, 0, 1, 1, 0, '', 100, 1448369860, 1463329879),
(113, 1, 'Index/copyright', '服务器信息', '', 0, 0, 0, 1, 1, 1, '', 100, 1448369952, 1463324991),
(114, 83, 'Backup/index', '数据库', '', 0, 1, 1, 1, 1, 1, '', 100, 1448437926, 1448437978),
(115, 81, 'cache/update', '更新缓存操作', '', 0, 0, 1, 1, 1, 0, '', 100, 1448439236, 1463209728),
(116, 1, 'Manager/info', '修改个人信息', '', 0, 0, 0, 1, 1, 1, '', 100, 1448593741, 1463329924),
(117, 1, 'Manager/change', '修改密码', '', 0, 0, 1, 1, 1, 1, '', 100, 1448594855, 0),
(118, 71, 'ManagerActionLog', '管理员日志控制器', '', 1, 1, 1, 1, 1, 0, '', 100, 1450409832, 1450409935),
(119, 1, 'ManagerActionLog/index', '管理员日志11', '', 0, 0, 1, 1, 1, 1, '', 100, 1450409970, 1463324683),
(152, 107, 'action/add', '添加行为', '', 0, 0, 1, 1, 1, 1, '', 100, 0, 1462705905),
(153, 107, 'action/edit', '修改行为', '', 0, 0, 1, 1, 1, 0, '', 100, 0, 1462727351),
(204, 101, 'authGroup/list', '角色列表', '', 0, 0, 1, 1, 1, 1, '', 99, 1462695390, 1462702804),
(218, 71, 'manager/disable', '禁用用户', '', 0, 0, 1, 1, 1, 0, '', 100, 1463234283, 0),
(219, 72, 'authRule/updateshow', '更新控制台菜单显示', '', 0, 0, 1, 1, 1, 0, '', 100, 1463288822, 1463289760),
(220, 72, 'authRule/updateauth', '更新验证状态', '', 0, 0, 1, 1, 1, 0, '', 100, 1463289399, 0);

-- --------------------------------------------------------

--
-- 表的结构 `cy_manager`
--

CREATE TABLE IF NOT EXISTS `cy_manager` (
  `id` mediumint(11) NOT NULL COMMENT '用户id',
  `username` varchar(30) NOT NULL COMMENT '用户名',
  `password` char(32) NOT NULL COMMENT '用户密码',
  `nickname` char(30) NOT NULL COMMENT '用户昵称',
  `realname` char(30) NOT NULL COMMENT '真实姓名',
  `email` varchar(60) NOT NULL COMMENT '邮箱',
  `create_uid` mediumint(11) NOT NULL DEFAULT '0' COMMENT '创建者ip',
  `create_time` int(11) NOT NULL DEFAULT '0' COMMENT '创建时间',
  `create_ip` bigint(11) unsigned NOT NULL DEFAULT '0' COMMENT '创建ip',
  `update_uid` mediumint(11) unsigned NOT NULL DEFAULT '0' COMMENT '更新者id',
  `update_time` int(11) unsigned NOT NULL DEFAULT '0' COMMENT '更新时间',
  `update_ip` bigint(11) unsigned NOT NULL DEFAULT '0' COMMENT '更新ip',
  `login_time` int(11) unsigned NOT NULL DEFAULT '0' COMMENT '登录时间',
  `login_ip` bigint(11) unsigned NOT NULL DEFAULT '0' COMMENT '登录ip',
  `role` tinyint(2) unsigned NOT NULL DEFAULT '1' COMMENT '角色',
  `status` tinyint(2) unsigned NOT NULL DEFAULT '1' COMMENT '状态，1为正常，0为禁用',
  `times` int(6) unsigned NOT NULL DEFAULT '0' COMMENT '登录次数'
) ENGINE=MyISAM AUTO_INCREMENT=41 DEFAULT CHARSET=utf8;

--
-- 转存表中的数据 `cy_manager`
--

INSERT INTO `cy_manager` (`id`, `username`, `password`, `nickname`, `realname`, `email`, `create_uid`, `create_time`, `create_ip`, `update_uid`, `update_time`, `update_ip`, `login_time`, `login_ip`, `role`, `status`, `times`) VALUES
(1, 'ceroot@163.com', 'ec5831d2b3abba02842c2c78b9977f4c', '超级管理员', '超级管理员', '', 0, 0, 0, 1, 1463324049, 0, 1463324049, 2130706433, 1, 1, 18),
(2, 'manager', 'be5357794c51565765d5cdbb069f7e70', '', '', '', 0, 0, 0, 0, 0, 0, 0, 0, 1, 1, 0),
(3, 'ceroot', '513449a0f4420a7f8fcb3025501c2c54', 'ceroot', 'ceroot', '', 0, 1463225790, 2130706433, 3, 1463326657, 0, 1463326657, 2130706433, 1, 1, 6),
(4, 'cer112', '1111111', '', '', '', 0, 1463225829, 2130706433, 1, 1463322207, 0, 0, 0, 1, 0, 0),
(5, 'cer113', '111111111', '', '', '', 0, 1463225895, 2130706433, 0, 0, 0, 0, 0, 1, 0, 0),
(40, 'tt1', '3519350541fdf7881e0bbdb72c4e692e', '', '', '', 1, 1463319842, 2130706433, 0, 0, 0, 0, 0, 1, 0, 0);

-- --------------------------------------------------------

--
-- 表的结构 `cy_manager_back`
--

CREATE TABLE IF NOT EXISTS `cy_manager_back` (
  `uid` mediumint(8) unsigned NOT NULL,
  `username` varchar(20) DEFAULT '',
  `password` char(32) DEFAULT '',
  `nickname` char(30) NOT NULL,
  `realname` char(30) NOT NULL COMMENT '真实姓名',
  `email` varchar(60) NOT NULL,
  `create_time` int(11) unsigned NOT NULL DEFAULT '0' COMMENT '添加时间',
  `create_ip` bigint(11) unsigned NOT NULL DEFAULT '0' COMMENT '添加ip',
  `login_time` int(11) NOT NULL DEFAULT '0' COMMENT '登录时间',
  `login_ip` bigint(11) NOT NULL DEFAULT '0' COMMENT '登录ip',
  `update_time` int(11) unsigned NOT NULL DEFAULT '0' COMMENT '更新时间',
  `update_ip` bigint(11) unsigned NOT NULL DEFAULT '0' COMMENT '更新ip',
  `role` tinyint(3) NOT NULL DEFAULT '1' COMMENT '管理员标识，1管理员',
  `status` tinyint(3) NOT NULL DEFAULT '0' COMMENT '用户状态：0正常，1锁定',
  `times` int(10) unsigned NOT NULL DEFAULT '0'
) ENGINE=MyISAM AUTO_INCREMENT=23 DEFAULT CHARSET=utf8 ROW_FORMAT=DYNAMIC;

--
-- 转存表中的数据 `cy_manager_back`
--

INSERT INTO `cy_manager_back` (`uid`, `username`, `password`, `nickname`, `realname`, `email`, `create_time`, `create_ip`, `login_time`, `login_ip`, `update_time`, `update_ip`, `role`, `status`, `times`) VALUES
(1, 'ceroot@163.com', 'ec5831d2b3abba02842c2c78b9977f4c', '', '超级管理员', 'admin@tripone.cn', 0, 0, 1463204415, 2130706433, 0, 0, 1, 0, 221),
(2, 'manager', 'be5357794c51565765d5cdbb069f7e70', '', '', '', 0, 0, 0, 1270, 0, 0, 1, 0, 0),
(3, 'publish', '', '', '', '', 0, 0, 0, 1270, 0, 0, 1, 0, 0),
(10, 'edit', '21232f297a57a5a743894a0e4a801fc3', '', '', '', 0, 0, 0, 1270, 0, 0, 1, 0, 0),
(12, 'tripone', '0153fe7d166c0db5997f4e0fcc123720', 'tripone', '网站管理员', 'tripone@tripone.cn', 0, 0, 1449818015, 1204, 0, 0, 1, 0, 92),
(16, 'ceroot', '513449a0f4420a7f8fcb3025501c2c54', 'NICKNAME', 'ceroot', 'ceroot@163.com', 1447986216, 30158171, 1462373029, 2130706433, 0, 0, 1, 0, 26),
(17, 'c2', '46f94c8de14fb36680850768ff1b7f2a', 'c2', '', 'ceroot@163.com', 1447989859, 30158171, 1447991219, 30158171, 0, 0, 1, 0, 0),
(20, '', '', '', '', '', 0, 0, 0, 0, 0, 0, 1, 0, 0),
(21, '', '', '', '', '', 0, 0, 0, 0, 0, 0, 1, 0, 0),
(22, '', '', '', '', '', 0, 0, 0, 0, 0, 0, 1, 0, 0);

-- --------------------------------------------------------

--
-- 表的结构 `cy_member`
--

CREATE TABLE IF NOT EXISTS `cy_member` (
  `uid` mediumint(11) NOT NULL COMMENT '用户id',
  `username` varchar(30) NOT NULL COMMENT '用户名称',
  `password` char(32) NOT NULL COMMENT '用户密码',
  `nickname` char(30) NOT NULL COMMENT '用户昵称',
  `realname` char(30) NOT NULL COMMENT '真实姓名',
  `email` varchar(60) NOT NULL COMMENT '邮箱',
  `create_uid` mediumint(11) NOT NULL DEFAULT '0' COMMENT '创建者id',
  `create_time` int(11) NOT NULL DEFAULT '0' COMMENT '创建时间',
  `create_ip` bigint(11) NOT NULL DEFAULT '0' COMMENT '创建ip',
  `update_uid` mediumint(11) NOT NULL DEFAULT '0' COMMENT '更新者id',
  `update_time` int(11) NOT NULL DEFAULT '0' COMMENT '更新时间',
  `update_ip` bigint(11) NOT NULL DEFAULT '0' COMMENT '更新ip',
  `login_time` int(11) NOT NULL DEFAULT '0' COMMENT '登录时间',
  `login_ip` bigint(11) NOT NULL DEFAULT '0' COMMENT '登录ip',
  `role` tinyint(2) NOT NULL DEFAULT '1' COMMENT '角色',
  `status` tinyint(2) NOT NULL DEFAULT '0' COMMENT '状态，0为正常，1为禁用',
  `times` int(6) NOT NULL DEFAULT '0' COMMENT '登录次数'
) ENGINE=MyISAM DEFAULT CHARSET=utf8;

-- --------------------------------------------------------

--
-- 表的结构 `cy_qin`
--

CREATE TABLE IF NOT EXISTS `cy_qin` (
  `id` int(11) NOT NULL,
  `name` varchar(64) NOT NULL
) ENGINE=MyISAM AUTO_INCREMENT=4 DEFAULT CHARSET=utf8;

--
-- 转存表中的数据 `cy_qin`
--

INSERT INTO `cy_qin` (`id`, `name`) VALUES
(1, '张三'),
(2, '李四'),
(3, '');

--
-- Indexes for dumped tables
--

--
-- Indexes for table `cy_action`
--
ALTER TABLE `cy_action`
  ADD PRIMARY KEY (`id`);

--
-- Indexes for table `cy_action_log`
--
ALTER TABLE `cy_action_log`
  ADD PRIMARY KEY (`id`),
  ADD KEY `action_ip_ix` (`action_ip`),
  ADD KEY `action_id_ix` (`action_id`),
  ADD KEY `user_id_ix` (`user_id`);

--
-- Indexes for table `cy_auth_group`
--
ALTER TABLE `cy_auth_group`
  ADD PRIMARY KEY (`id`);

--
-- Indexes for table `cy_auth_group_access`
--
ALTER TABLE `cy_auth_group_access`
  ADD UNIQUE KEY `uid_group_id` (`uid`,`group_id`),
  ADD KEY `uid` (`uid`),
  ADD KEY `group_id` (`group_id`);

--
-- Indexes for table `cy_auth_rule`
--
ALTER TABLE `cy_auth_rule`
  ADD PRIMARY KEY (`id`),
  ADD UNIQUE KEY `name` (`name`);

--
-- Indexes for table `cy_manager`
--
ALTER TABLE `cy_manager`
  ADD PRIMARY KEY (`id`);

--
-- Indexes for table `cy_manager_back`
--
ALTER TABLE `cy_manager_back`
  ADD PRIMARY KEY (`uid`);

--
-- Indexes for table `cy_member`
--
ALTER TABLE `cy_member`
  ADD PRIMARY KEY (`uid`);

--
-- Indexes for table `cy_qin`
--
ALTER TABLE `cy_qin`
  ADD PRIMARY KEY (`id`);

--
-- AUTO_INCREMENT for dumped tables
--

--
-- AUTO_INCREMENT for table `cy_action`
--
ALTER TABLE `cy_action`
  MODIFY `id` int(11) unsigned NOT NULL AUTO_INCREMENT COMMENT '主键',AUTO_INCREMENT=38;
--
-- AUTO_INCREMENT for table `cy_action_log`
--
ALTER TABLE `cy_action_log`
  MODIFY `id` int(10) unsigned NOT NULL AUTO_INCREMENT COMMENT '主键',AUTO_INCREMENT=536;
--
-- AUTO_INCREMENT for table `cy_auth_group`
--
ALTER TABLE `cy_auth_group`
  MODIFY `id` mediumint(8) unsigned NOT NULL AUTO_INCREMENT,AUTO_INCREMENT=15;
--
-- AUTO_INCREMENT for table `cy_auth_rule`
--
ALTER TABLE `cy_auth_rule`
  MODIFY `id` mediumint(8) unsigned NOT NULL AUTO_INCREMENT,AUTO_INCREMENT=222;
--
-- AUTO_INCREMENT for table `cy_manager`
--
ALTER TABLE `cy_manager`
  MODIFY `id` mediumint(11) NOT NULL AUTO_INCREMENT COMMENT '用户id',AUTO_INCREMENT=41;
--
-- AUTO_INCREMENT for table `cy_manager_back`
--
ALTER TABLE `cy_manager_back`
  MODIFY `uid` mediumint(8) unsigned NOT NULL AUTO_INCREMENT,AUTO_INCREMENT=23;
--
-- AUTO_INCREMENT for table `cy_member`
--
ALTER TABLE `cy_member`
  MODIFY `uid` mediumint(11) NOT NULL AUTO_INCREMENT COMMENT '用户id';
--
-- AUTO_INCREMENT for table `cy_qin`
--
ALTER TABLE `cy_qin`
  MODIFY `id` int(11) NOT NULL AUTO_INCREMENT,AUTO_INCREMENT=4;
/*!40101 SET CHARACTER_SET_CLIENT=@OLD_CHARACTER_SET_CLIENT */;
/*!40101 SET CHARACTER_SET_RESULTS=@OLD_CHARACTER_SET_RESULTS */;
/*!40101 SET COLLATION_CONNECTION=@OLD_COLLATION_CONNECTION */;
