-- phpMyAdmin SQL Dump
-- version 4.4.15.5
-- http://www.phpmyadmin.net
--
-- Host: localhost
-- Generation Time: 2016-06-05 16:40:53
-- 服务器版本： 5.5.47
-- PHP Version: 7.0.1

SET SQL_MODE = "NO_AUTO_VALUE_ON_ZERO";
SET time_zone = "+00:00";


/*!40101 SET @OLD_CHARACTER_SET_CLIENT=@@CHARACTER_SET_CLIENT */;
/*!40101 SET @OLD_CHARACTER_SET_RESULTS=@@CHARACTER_SET_RESULTS */;
/*!40101 SET @OLD_COLLATION_CONNECTION=@@COLLATION_CONNECTION */;
/*!40101 SET NAMES utf8mb4 */;

--
-- Database: `think5`
--

-- --------------------------------------------------------

--
-- 表的结构 `cy_action`
--

CREATE TABLE IF NOT EXISTS `cy_action` (
  `id` int(11) unsigned NOT NULL COMMENT '主键',
  `name` char(30) NOT NULL DEFAULT '' COMMENT '行为唯一标识',
  `title` char(80) NOT NULL DEFAULT '' COMMENT '行为说明',
  `remark` char(140) NOT NULL DEFAULT '' COMMENT '行为描述',
  `rule` text COMMENT '行为规则',
  `log` text COMMENT '日志规则',
  `type` tinyint(2) unsigned NOT NULL DEFAULT '1' COMMENT '类型',
  `status` tinyint(2) NOT NULL DEFAULT '1' COMMENT '状态，1为正常，0为禁用',
  `create_uid` int(11) unsigned NOT NULL DEFAULT '0' COMMENT '添加者的id',
  `create_time` int(11) unsigned NOT NULL DEFAULT '0' COMMENT '添加时间',
  `create_ip` bigint(11) unsigned NOT NULL DEFAULT '0' COMMENT '添加ip',
  `update_uid` int(11) unsigned NOT NULL DEFAULT '0' COMMENT '修改者id',
  `update_time` int(11) unsigned NOT NULL DEFAULT '0' COMMENT '修改时间',
  `update_ip` bigint(11) unsigned NOT NULL DEFAULT '0' COMMENT '修改ip'
) ENGINE=MyISAM AUTO_INCREMENT=44 DEFAULT CHARSET=utf8 ROW_FORMAT=DYNAMIC COMMENT='系统行为表';

--
-- 转存表中的数据 `cy_action`
--

INSERT INTO `cy_action` (`id`, `name`, `title`, `remark`, `rule`, `log`, `type`, `status`, `create_uid`, `create_time`, `create_ip`, `update_uid`, `update_time`, `update_ip`) VALUES
(1, 'console_login', '用户登录', '记录管理员登录管理系统日志', '', '[user|get_realname]在[time|time_format]登录了管理系统', 1, 1, 0, 0, 0, 1, 1464054349, 2130706433),
(2, 'console_logout', '用户注销', '记录管理员退出管理系统日志', '', '[user|get_realname]在[time|time_format]退出了管理系统', 1, 1, 1, 1463465048, 2130706433, 0, 0, 0),
(3, 'cache_cache', '更新缓存', '记录更新缓存操作日志', '', '[user|get_realname]在[time|time_format]更新了缓存', 1, 1, 0, 0, 0, 1, 1464280463, 2130706433),
(4, 'action_add', '添加行为', '记录添加行为操作日志', '', '[user|get_realname]在[time|time_format]添加了行为', 1, 1, 0, 1462456882, 2130706433, 1, 1464068270, 2130706433),
(5, 'action_edit', '修改行为', '记录修改行为操作日志', '', '[user|get_realname]在[time|time_format]修改了行为', 1, 1, 1, 1462457125, 2130706433, 1, 1464074125, 2130706433),
(6, 'action_del', '删除行为', '记录删除行为操作日志', '', '[user|get_realname]在[time|time_format]删除了行为', 1, 1, 1, 1462457125, 2130706433, 1, 1464074130, 2130706433),
(7, 'action_updatestatus', '设置行为状态', '记录行为状态操作日志', '', '[user|get_realname]在[time|time_format][table_id|status_text]了行为', 1, 1, 1, 1462458377, 2130706433, 1, 1464068562, 2130706433),
(8, 'manager_add', '添加管理员', '记录新增管理员操作日志', '', '[user|get_realname]在[time|time_format]添加了管理用户', 1, 1, 0, 0, 0, 0, 0, 0),
(9, 'manager_edit', '修改管理员', '记录修改管理员操作日志', '', '[user|get_realname]在[time|time_format]修改了管理用户', 1, 1, 0, 0, 0, 0, 0, 0),
(10, 'manager_del', '删除用户', '记录删除管理员操作日志', '', '[user|get_realname]在[time|time_format]删除了用户', 1, 1, 1, 1462811355, 2130706433, 0, 0, 0),
(11, 'manager_updatestatus', '禁用[启用]用户', '记录禁用启用管理员操作日志', '', '[user|get_realname]在[time|time_format][table_id|status_text]了管理用户', 1, 1, 0, 0, 0, 1, 1464067399, 2130706433),
(12, 'authrule_add', '添加规则', '记录添加规则操作日志', '', '[user|get_realname]在[time|time_format]添加了规则', 1, 1, 1, 1463722274, 2130706433, 0, 1463722274, 0),
(13, 'authrule_edit', '编辑规则', '记录修改规则操作日志', '', '[user|get_realname]在[time|time_format]修改了规则', 2, 1, 1, 1462463721, 2130706433, 1, 1462707231, 2130706433),
(14, 'authrule_del', '删除规则', '记录删除规则操作日志', '', '[user|get_realname]在[time|time_format]删除了规则', 1, 1, 1, 1463284593, 2130706433, 1, 1463284640, 2130706433),
(15, 'authrule_updatestatus', '禁用[启用]规则', '记录禁用启用规则操作日志', '', '[user|get_realname]在[time|time_format][table_id|status_text]了规则', 1, 1, 1, 1463279149, 2130706433, 1, 1464067559, 2130706433),
(16, 'authrule_updateshow', '设置控制台菜单显示', '记录设置控制台菜单项显示操作记录', '', '[user|get_realname]在[time|time_format]设置了控制台菜单显示状态', 1, 1, 1, 1463289050, 2130706433, 1, 1464074186, 2130706433),
(17, 'authrule_updateauth', '设置权限认证状态', '记录设置权限认证状态操作日志', '', '[user|get_realname]在[time|time_format]更新了权限认证状态', 1, 1, 1, 1463290047, 2130706433, 1, 1464074047, 2130706433),
(18, 'authrule_sort', '规则排序操作', '', '', '[user|get_realname]在[time|time_format]更新了规则排序', 1, 1, 1, 1463290047, 2130706433, 0, 0, 0),
(19, 'authgroup_add', '增加角色', '记录新增角色操作日志', '', '[user|get_realname]在[time|time_format]新增了角色', 1, 1, 1, 1463295059, 2130706433, 0, 0, 0),
(20, 'authgroup_edit', '修改角色', '记录编辑角色操作日志', '', '[user|get_realname]在[time|time_format][type|get_log_session_text]', 1, 1, 1, 1463295110, 2130706433, 1, 1464082441, 2130706433),
(21, 'authgroup_del', '删除角色', '记录删除角色操作日志', '', '[user|get_realname]在[time|time_format]删除了角色', 1, 1, 1, 1463295145, 2130706433, 1, 1463468793, 2130706433),
(22, 'authgroup_updatestatus', '禁用[启用]角色', '记录禁用启用角色操作日志', '', '[user|get_realname]在[time|time_format][table_id|status_text]了角色', 1, 1, 1, 1463294873, 2130706433, 1, 1464067636, 2130706433),
(23, 'category_add', '添加类别', '记录添加类别操作日志', '', '[user|get_realname]在[time|time_format]新增了类别', 1, 1, 1, 1463971338, 2130706433, 0, 1463971338, 0),
(24, 'category_edit', '编辑类别', '记录编辑类别操作日志', '', '[user|get_realname]在[time|time_format]编辑了类别', 1, 1, 1, 1463971377, 2130706433, 0, 1463971377, 0),
(25, 'category_del', '删除类别', '记录删除类别操作日志', '', '[user|get_realname]在[time|time_format]删除了类别', 1, 1, 1, 0, 2130706433, 1, 1463991724, 2130706433),
(26, 'category_updateshow', '更改类别菜单显示状态', '', '', '[user|get_realname]在[time|time_format]设置了类别显示状态', 1, 1, 1, 1463289050, 2130706433, 0, 0, 0),
(27, 'category_updatestatus', '设置类别状态', '记录设置类别状态操作日志', '', '[user|get_realname]在[time|time_format][table_id|status_text]了类别', 1, 1, 1, 1463971458, 2130706433, 1, 1464067682, 2130706433),
(28, 'category_sort', '类别排序操作', '', '', '[user|get_realname]在[time|time_format]更新了类别排序', 1, 1, 1, 1463290047, 2130706433, 1, 1464183572, 2130706433),
(29, 'manager_password', '修改密码', '', '', '[user|get_realname]在[time|time_format]修改了密码', 1, 1, 1, 1464262601, 2130706433, 0, 1464262601, 0),
(30, 'manager_info', '用户信息修改', '记录用户修改自己的信息操作记录', '', '[user|get_realname]在[time|time_format]修改了个人信息', 1, 1, 1, 1464268539, 2130706433, 0, 1464268539, 0),
(31, 'developer_add', '添加开发日志', '记录添加开发日志操作日志', '', '[user|get_realname]在[time|time_format]添加了一篇开发日志', 1, 1, 1, 1464410542, 2130706433, 0, 1464410542, 0),
(32, 'developer_edit', '编辑开发日志', '记录编辑开发日志操作日志', '', '[user|get_realname]在[time|time_format]编辑了开发日志', 1, 1, 1, 1464410581, 2130706433, 1, 1464786410, 2130706433),
(33, 'index_dotMenu', '菜单管理', '', NULL, '[user|get_realname]在[time|time_format]添加了菜单管理', 1, 0, 1, 1464955794, 2130706433, 1, 1464956119, 2130706433),
(34, 'list_dotMenu', '菜单列表', '', NULL, '[user|get_realname]在[time|time_format]添加了菜单列表', 1, 0, 1, 1464955909, 2130706433, 1, 1464956120, 2130706433),
(35, 'dotmenu_add', '添加菜单', '', '', '[user|get_realname]在[time|time_format]添加了添加菜单', 1, 1, 1, 1464955953, 2130706433, 1, 1464956708, 2130706433),
(36, 'dotmenu_edit', '编辑菜单', '', '', '[user|get_realname]在[time|time_format]操作了编辑菜单', 1, 1, 1, 1464956182, 2130706433, 1, 1464956644, 2130706433),
(37, 'dotcategory_add', '添加类别', '', '', '[user|get_realname]在[time|time_format]添加了类别', 1, 1, 1, 1464957300, 2130706433, 0, 1464957300, 0),
(38, 'dotcategory_edit', '编辑类别', '', NULL, '[user|get_realname]在[time|time_format]操作了编辑类别', 1, 1, 1, 1464957306, 2130706433, 0, 1464957306, 0),
(39, 'dotcases_add', '添加成功案例', '', '', '[user|get_realname]在[time|time_format]添加了成功案例', 1, 1, 1, 1464957517, 2130706433, 0, 1464957517, 0),
(40, 'dotcases_edit', '编辑成功案例', '', NULL, '[user|get_realname]在[time|time_format]操作了编辑成功案例', 1, 1, 1, 1464957544, 2130706433, 0, 1464957544, 0),
(41, 'dotwebinfo_edit', '网站信息编辑', '', NULL, '[user|get_realname]在[time|time_format]操作了网站信息编辑', 1, 1, 1, 1465118687, 2130706433, 0, 1465118687, 0),
(42, 'dotwebinfo_link', '联系我们设置', '', '', '[user|get_realname]在[time|time_format]修改了联系我们', 1, 1, 1, 1465143786, 2130706433, 0, 1465143786, 0),
(43, 'dotwebinfo_about', '关于我们', '', NULL, '[user|get_realname]在[time|time_format]操作了关于我们', 1, 1, 1, 1465144287, 2130706433, 0, 1465144287, 0);

-- --------------------------------------------------------

--
-- 表的结构 `cy_action_log`
--

CREATE TABLE IF NOT EXISTS `cy_action_log` (
  `id` int(10) unsigned NOT NULL COMMENT '主键',
  `action_id` int(10) unsigned NOT NULL DEFAULT '0' COMMENT '行为id',
  `user_id` int(10) unsigned NOT NULL DEFAULT '0' COMMENT '执行用户id',
  `model` varchar(50) NOT NULL DEFAULT '' COMMENT '触发行为的表',
  `record_id` int(10) unsigned NOT NULL DEFAULT '0' COMMENT '触发行为的数据id',
  `remark` varchar(255) NOT NULL DEFAULT '' COMMENT '日志备注',
  `status` tinyint(2) NOT NULL DEFAULT '1' COMMENT '状态，1为正常，0为禁用',
  `create_time` int(10) unsigned NOT NULL DEFAULT '0' COMMENT '执行行为的时间',
  `action_ip` bigint(20) NOT NULL COMMENT '执行行为者ip'
) ENGINE=MyISAM AUTO_INCREMENT=1017 DEFAULT CHARSET=utf8 ROW_FORMAT=DYNAMIC COMMENT='行为日志表';

--
-- 转存表中的数据 `cy_action_log`
--

INSERT INTO `cy_action_log` (`id`, `action_id`, `user_id`, `model`, `record_id`, `remark`, `status`, `create_time`, `action_ip`) VALUES
(1, 1, 1, 'manager', 1, '超级管理员在2016-04-11 17:34登录了后台', 1, 1460367275, 30159205),
(2, 1, 1, 'manager', 1, '超级管理员在2016-04-11 17:34登录了后台', 1, 1460367290, 30159205),
(3, 1, 1, 'manager', 1, '超级管理员在2016-04-11 17:35登录了后台', 1, 1460367309, 30159205),
(4, 1, 1, 'manager', 1, '超级管理员在2016-04-11 17:36登录了后台', 1, 1460367384, 30159205),
(5, 1, 1, 'manager', 1, '超级管理员在2016-04-11 17:36登录了后台', 1, 1460367419, 30159205),
(6, 1, 1, 'manager', 1, '超级管理员在2016-04-11 17:41登录了后台', 1, 1460367710, 30159205),
(7, 1, 1, 'manager', 1, '超级管理员在2016-04-11 17:42登录了后台', 1, 1460367748, 30159205),
(8, 1, 1, 'manager', 1, '超级管理员在2016-04-11 17:42登录了后台', 1, 1460367762, 30159205),
(9, 1, 1, 'manager', 1, '超级管理员在2016-04-11 17:43登录了后台', 1, 1460367781, 30159205),
(10, 1, 1, 'manager', 1, '超级管理员在2016-04-11 17:44登录了后台', 1, 1460367898, 30159205),
(11, 1, 1, 'manager', 1, '超级管理员在2016-04-12 09:48登录了后台', 1, 1460425722, 30159205),
(12, 1, 1, 'manager', 1, '超级管理员在2016-04-12 10:58登录了后台', 1, 1460429909, 30159205),
(13, 1, 1, 'manager', 1, '超级管理员在2016-04-12 13:06登录了后台', 1, 1460437578, 30159205),
(14, 1, 1, 'manager', 1, '超级管理员在2016-04-15 09:37登录了后台', 1, 1460684220, 30160790),
(15, 1, 1, 'manager', 1, '超级管理员在2016-04-15 10:15登录了后台', 1, 1460686505, 30160790),
(16, 1, 1, 'manager', 1, '超级管理员在2016-04-15 15:33登录了后台', 1, 1460705611, 30160790),
(17, 1, 1, 'manager', 1, '超级管理员在2016-04-16 11:02登录了后台', 1, 1460775747, 3707995602),
(18, 1, 1, 'manager', 1, '超级管理员在2016-04-20 11:56登录了后台', 1, 1461124604, 30160658),
(19, 1, 1, 'manager', 1, '超级管理员在2016-04-21 23:44登录了后台', 1, 1461253499, 3707995604),
(20, 1, 1, 'manager', 1, '超级管理员在2016-04-22 16:02登录了后台', 1, 1461312148, 30159800),
(21, 1, 1, 'manager', 1, '超级管理员在2016-04-22 16:20登录了后台', 1, 1461313202, 30159800),
(22, 1, 1, 'manager', 1, '超级管理员在2016-04-24 20:59登录了后台', 1, 1461502763, 3707995602),
(23, 1, 1, 'manager', 1, '超级管理员在2016-04-25 10:20登录了后台', 1, 1461550851, 30157355),
(24, 1, 1, 'manager', 1, '超级管理员在2016-04-27 21:25登录了后台', 1, 1461763518, 2130706433),
(25, 1, 16, 'manager', 16, '在2016-04-27 21:30登录了后台', 1, 1461763838, 2130706433),
(26, 1, 16, 'manager', 16, '在2016-04-27 22:56登录了后台', 1, 1461768998, 2130706433),
(27, 1, 16, 'manager', 16, '在2016-04-28 00:41登录了后台', 1, 1461775285, 2130706433),
(28, 1, 16, 'manager', 16, '在2016-04-28 20:46登录了后台', 1, 1461847591, 2130706433),
(29, 1, 1, 'manager', 1, '超级管理员在2016-04-28 20:47登录了后台', 1, 1461847625, 2130706433),
(30, 1, 16, 'manager', 16, 'ceroot在2016-04-28 20:48登录了后台', 1, 1461847732, 2130706433),
(31, 1, 16, 'manager', 16, 'ceroot在2016-05-04 20:32登录了后台', 1, 1462365137, 2130706433),
(32, 1, 1, 'manager', 1, '超级管理员在2016-05-04 21:19登录了后台', 1, 1462367953, 2130706433),
(33, 1, 16, 'manager', 16, 'ceroot在2016-05-04 22:43登录了后台', 1, 1462372982, 2130706433),
(34, 1, 16, 'manager', 16, 'ceroot在2016-05-04 22:43登录了后台', 1, 1462373029, 2130706433),
(35, 1, 1, 'manager', 1, '超级管理员在2016-05-04 22:44登录了后台', 1, 1462373077, 2130706433),
(36, 1, 1, 'manager', 1, '超级管理员在2016-05-04 22:52登录了后台', 1, 1462373568, 2130706433),
(37, 1, 1, 'manager', 1, '超级管理员在2016-05-05 20:27登录了后台', 1, 1462451256, 2130706433),
(38, 15, 1, 'action', 15, '超级管理员在2016-05-05 22:26添加了行为', 1, 1462458377, 2130706433),
(39, 1, 1, 'manager', 1, '超级管理员在2016-05-05 23:51登录了后台', 1, 1462463505, 2130706433),
(40, 15, 1, 'action', 15, '超级管理员在2016-05-05 23:55添加了行为', 1, 1462463721, 2130706433),
(41, 18, 1, 'authrule', 18, '超级管理员在2016-05-06 00:01修改了规则', 1, 1462464085, 2130706433),
(42, 1, 1, 'manager', 1, '超级管理员在2016-05-08 14:58登录了后台', 1, 1462690685, 2130706433),
(43, 1, 1, 'manager', 1, '超级管理员在2016-05-08 14:58登录了后台', 1, 1462690699, 2130706433),
(44, 1, 1, 'manager', 1, '超级管理员在2016-05-08 15:11登录了后台', 1, 1462691473, 2130706433),
(45, 1, 1, 'manager', 1, '超级管理员在2016-05-08 15:14登录了后台', 1, 1462691674, 2130706433),
(46, 1, 1, 'manager', 1, '超级管理员在2016-05-08 15:19登录了后台', 1, 1462691957, 2130706433),
(47, 1, 1, 'manager', 1, '超级管理员在2016-05-08 15:19登录了后台', 1, 1462691999, 2130706433),
(48, 1, 1, 'manager', 1, '超级管理员在2016-05-08 15:21登录了后台', 1, 1462692083, 2130706433),
(49, 1, 1, 'manager', 1, '超级管理员在2016-05-08 15:21登录了后台', 1, 1462692113, 2130706433),
(50, 1, 1, 'manager', 1, '超级管理员在2016-05-08 15:22登录了后台', 1, 1462692167, 2130706433),
(51, 1, 1, 'manager', 1, '超级管理员在2016-05-08 15:22登录了后台', 1, 1462692176, 2130706433),
(52, 1, 1, 'manager', 1, '超级管理员在2016-05-08 15:39登录了后台', 1, 1462693182, 2130706433),
(53, 1, 1, 'manager', 1, '超级管理员在2016-05-08 16:00登录了后台', 1, 1462694406, 2130706433),
(54, 1, 1, 'manager', 1, '超级管理员在2016-05-08 16:00登录了后台', 1, 1462694414, 2130706433),
(55, 1, 1, 'manager', 1, '超级管理员在2016-05-08 16:03登录了后台', 1, 1462694623, 2130706433),
(56, 18, 1, 'authrule', 18, '超级管理员在2016-05-08 16:15修改了规则', 1, 1462695304, 2130706433),
(57, 18, 1, 'authrule', 18, '超级管理员在2016-05-08 16:15修改了规则', 1, 1462695339, 2130706433),
(58, 18, 1, 'authrule', 18, '超级管理员在2016-05-08 18:19修改了规则', 1, 1462702789, 2130706433),
(59, 18, 1, 'authrule', 18, '超级管理员在2016-05-08 18:20修改了规则', 1, 1462702804, 2130706433),
(60, 18, 1, 'authrule', 18, '超级管理员在2016-05-08 18:32修改了规则', 1, 1462703567, 2130706433),
(61, 18, 1, 'authrule', 18, '超级管理员在2016-05-08 18:33修改了规则', 1, 1462703587, 2130706433),
(62, 18, 1, 'authrule', 18, '超级管理员在2016-05-08 18:33修改了规则', 1, 1462703624, 2130706433),
(63, 18, 1, 'authrule', 18, '超级管理员在2016-05-08 19:11修改了规则', 1, 1462705905, 2130706433),
(64, 18, 1, 'authrule', 18, '超级管理员在2016-05-08 19:24修改了规则', 1, 1462706665, 2130706433),
(65, 16, 1, 'action', 16, '超级管理员在2016-05-08 19:33修改了行为', 1, 1462707231, 2130706433),
(66, 1, 1, 'manager', 1, '超级管理员在2016-05-09 00:55登录了后台', 1, 1462726518, 2130706433),
(67, 18, 1, 'authrule', 18, '超级管理员在2016-05-09 01:03修改了规则', 1, 1462727025, 2130706433),
(68, 18, 1, 'authrule', 18, '超级管理员在2016-05-09 01:08修改了规则', 1, 1462727298, 2130706433),
(69, 18, 1, 'authrule', 18, '超级管理员在2016-05-09 01:09修改了规则', 1, 1462727351, 2130706433),
(70, 18, 1, 'authrule', 18, '超级管理员在2016-05-09 01:12修改了规则', 1, 1462727558, 2130706433),
(71, 1, 1, 'manager', 1, '超级管理员在2016-05-09 23:14登录了后台', 1, 1462806889, 2130706433),
(72, 18, 1, 'authrule', 80, '超级管理员在2016-05-09 23:16修改了规则', 1, 1462806972, 2130706433),
(73, 18, 1, 'authrule', 80, '超级管理员在2016-05-09 23:18修改了规则', 1, 1462807107, 2130706433),
(74, 18, 1, 'authrule', 110, '超级管理员在2016-05-09 23:19修改了规则', 1, 1462807148, 2130706433),
(75, 18, 1, 'authrule', 119, '超级管理员在2016-05-09 23:23修改了规则', 1, 1462807408, 2130706433),
(76, 15, 1, 'action', 19, '超级管理员在2016-05-10 00:29添加了行为', 1, 1462811355, 2130706433),
(77, 19, 1, 'manager', 1, '超级管理员在2016-05-10 00:32删除了用户', 1, 1462811532, 2130706433),
(78, 1, 1, 'manager', 1, '超级管理员在2016-05-10 20:04登录了后台', 1, 1462881869, 2130706433),
(79, 1, 1, 'manager', 1, '超级管理员在2016-05-11 23:44登录了后台', 1, 1462981473, 2130706433),
(80, 1, 1, 'manager', 1, '超级管理员在2016-05-12 19:35登录了后台', 1, 1463052931, 2130706433),
(81, 1, 1, 'manager', 1, '超级管理员在2016-05-13 20:10登录了后台', 1, 1463141433, 2130706433),
(82, 1, 1, 'manager', 1, '超级管理员在2016-05-13 21:59登录了后台', 1, 1463147948, 2130706433),
(83, 1, 1, 'manager', 1, '超级管理员在2016-05-13 22:48登录了后台', 1, 1463150908, 2130706433),
(84, 1, 1, 'manager', 1, '超级管理员在2016-05-13 22:50登录了后台', 1, 1463151049, 2130706433),
(85, 1, 1, 'manager', 1, '超级管理员在2016-05-13 22:53登录了后台', 1, 1463151215, 2130706433),
(86, 1, 1, 'manager', 1, '超级管理员在2016-05-13 22:54登录了后台', 1, 1463151290, 2130706433),
(87, 1, 1, 'manager', 1, '超级管理员在2016-05-13 22:57登录了后台', 1, 1463151460, 2130706433),
(88, 1, 1, 'manager', 1, '超级管理员在2016-05-13 22:59登录了后台', 1, 1463151570, 2130706433),
(89, 1, 1, 'manager', 1, '超级管理员在2016-05-13 23:05登录了后台', 1, 1463151940, 2130706433),
(90, 1, 1, 'manager', 1, '超级管理员在2016-05-13 23:05登录了后台', 1, 1463151953, 2130706433),
(91, 1, 1, 'manager', 1, '超级管理员在2016-05-13 23:06登录了后台', 1, 1463152006, 2130706433),
(92, 1, 1, 'manager', 1, '超级管理员在2016-05-13 23:14登录了后台', 1, 1463152477, 2130706433),
(93, 1, 1, 'manager', 1, '超级管理员在2016-05-14 00:21登录了后台', 1, 1463156506, 2130706433),
(94, 1, 1, 'manager', 1, '超级管理员在2016-05-14 00:22登录了后台', 1, 1463156522, 2130706433),
(95, 1, 1, 'manager', 1, '超级管理员在2016-05-14 00:24登录了后台', 1, 1463156660, 2130706433),
(96, 1, 1, 'manager', 1, '超级管理员在2016-05-14 00:25登录了后台', 1, 1463156740, 2130706433),
(97, 1, 1, 'manager', 1, '超级管理员在2016-05-14 00:26登录了后台', 1, 1463156770, 2130706433),
(98, 1, 1, 'manager', 1, '超级管理员在2016-05-14 00:26登录了后台', 1, 1463156799, 2130706433),
(99, 1, 1, 'manager', 1, '超级管理员在2016-05-14 00:26登录了后台', 1, 1463156816, 2130706433),
(100, 1, 1, 'manager', 1, '超级管理员在2016-05-14 00:28登录了后台', 1, 1463156903, 2130706433),
(101, 1, 1, 'manager', 1, '超级管理员在2016-05-14 00:28登录了后台', 1, 1463156918, 2130706433),
(102, 1, 1, 'manager', 1, '超级管理员在2016-05-14 00:31登录了后台', 1, 1463157092, 2130706433),
(103, 1, 1, 'manager', 1, '超级管理员在2016-05-14 00:31登录了后台', 1, 1463157104, 2130706433),
(104, 1, 1, 'manager', 1, '超级管理员在2016-05-14 00:31登录了后台', 1, 1463157109, 2130706433),
(105, 1, 1, 'manager', 1, '超级管理员在2016-05-14 00:31登录了后台', 1, 1463157113, 2130706433),
(106, 1, 1, 'manager', 1, '超级管理员在2016-05-14 00:31登录了后台', 1, 1463157118, 2130706433),
(107, 1, 1, 'manager', 1, '超级管理员在2016-05-14 00:32登录了后台', 1, 1463157122, 2130706433),
(108, 1, 1, 'manager', 1, '超级管理员在2016-05-14 00:32登录了后台', 1, 1463157144, 2130706433),
(109, 1, 1, 'manager', 1, '超级管理员在2016-05-14 00:34登录了后台', 1, 1463157298, 2130706433),
(110, 1, 1, 'manager', 1, '超级管理员在2016-05-14 00:45登录了后台', 1, 1463157950, 2130706433),
(111, 1, 1, 'manager', 1, '超级管理员在2016-05-14 02:13登录了后台', 1, 1463163218, 2130706433),
(112, 1, 1, 'manager', 1, '超级管理员在2016-05-14 02:13登录了后台', 1, 1463163229, 2130706433),
(113, 1, 1, 'manager', 1, '超级管理员在2016-05-14 02:14登录了后台', 1, 1463163291, 2130706433),
(114, 1, 1, 'manager', 1, '超级管理员在2016-05-14 02:14登录了后台', 1, 1463163298, 2130706433),
(115, 1, 1, 'manager', 1, '超级管理员在2016-05-14 02:15登录了后台', 1, 1463163344, 2130706433),
(116, 1, 1, 'manager', 1, '超级管理员在2016-05-14 02:15登录了后台', 1, 1463163350, 2130706433),
(117, 1, 1, 'manager', 1, '超级管理员在2016-05-14 02:15登录了后台', 1, 1463163354, 2130706433),
(118, 1, 1, 'manager', 1, '超级管理员在2016-05-14 02:16登录了后台', 1, 1463163360, 2130706433),
(119, 1, 1, 'manager', 1, '超级管理员在2016-05-14 02:16登录了后台', 1, 1463163365, 2130706433),
(120, 1, 1, 'manager', 1, '超级管理员在2016-05-14 02:16登录了后台', 1, 1463163412, 2130706433),
(121, 1, 1, 'manager', 1, '超级管理员在2016-05-14 02:17登录了后台', 1, 1463163464, 2130706433),
(122, 1, 1, 'manager', 1, '超级管理员在2016-05-14 02:19登录了后台', 1, 1463163577, 2130706433),
(123, 1, 1, 'manager', 1, '超级管理员在2016-05-14 02:20登录了后台', 1, 1463163640, 2130706433),
(124, 1, 1, 'manager', 1, '超级管理员在2016-05-14 02:26登录了后台', 1, 1463163961, 2130706433),
(125, 1, 1, 'manager', 1, '超级管理员在2016-05-14 02:27登录了后台', 1, 1463164040, 2130706433),
(126, 1, 1, 'manager', 1, '超级管理员在2016-05-14 02:28登录了后台', 1, 1463164116, 2130706433),
(127, 1, 1, 'manager', 1, '超级管理员在2016-05-14 02:29登录了后台', 1, 1463164164, 2130706433),
(128, 1, 1, 'manager', 1, '超级管理员在2016-05-14 02:29登录了后台', 1, 1463164191, 2130706433),
(129, 1, 1, 'manager', 1, '超级管理员在2016-05-14 09:32登录了后台', 1, 1463189539, 2130706433),
(130, 1, 1, 'manager', 1, '超级管理员在2016-05-14 09:32登录了后台', 1, 1463189550, 2130706433),
(131, 1, 1, 'manager', 1, '超级管理员在2016-05-14 09:32登录了后台', 1, 1463189574, 2130706433),
(132, 1, 1, 'manager', 1, '超级管理员在2016-05-14 09:33登录了后台', 1, 1463189623, 2130706433),
(133, 1, 1, 'manager', 1, '超级管理员在2016-05-14 09:45登录了后台', 1, 1463190306, 2130706433),
(134, 1, 1, 'manager', 1, '超级管理员在2016-05-14 11:06登录了后台', 1, 1463195178, 2130706433),
(135, 1, 1, 'manager', 1, '超级管理员在2016-05-14 11:08登录了后台', 1, 1463195306, 2130706433),
(136, 1, 1, 'manager', 1, '超级管理员在2016-05-14 13:14登录了后台', 1, 1463202870, 2130706433),
(137, 15, 1, 'action', 20, '超级管理员在2016-05-14 13:26添加了行为', 1, 1463203566, 2130706433),
(138, 20, 1, '1', 1, '超级管理员在2016-05-14 13:32更新了缓存', 1, 1463203941, 2130706433),
(139, 20, 1, '1', 1, '超级管理员在2016-05-14 13:40更新了缓存', 1, 1463204400, 2130706433),
(140, 20, 1, '1', 1, '超级管理员在2016-05-14 13:40更新了缓存', 1, 1463204404, 2130706433),
(141, 1, 1, 'manager', 1, '超级管理员在2016-05-14 13:40登录了后台', 1, 1463204415, 2130706433),
(142, 20, 1, '1', 1, '超级管理员在2016-05-14 13:40更新了缓存', 1, 1463204425, 2130706433),
(143, 20, 1, '1', 1, '超级管理员在2016-05-14 13:41更新了缓存', 1, 1463204475, 2130706433),
(144, 20, 1, '1', 1, '超级管理员在2016-05-14 13:41更新了缓存', 1, 1463204479, 2130706433),
(145, 20, 1, '1', 1, '超级管理员在2016-05-14 13:41更新了缓存', 1, 1463204480, 2130706433),
(146, 20, 1, '1', 1, '超级管理员在2016-05-14 13:41更新了缓存', 1, 1463204481, 2130706433),
(147, 20, 1, '1', 1, '超级管理员在2016-05-14 13:42更新了缓存', 1, 1463204575, 2130706433),
(148, 20, 1, '1', 1, '超级管理员在2016-05-14 13:45更新了缓存', 1, 1463204732, 2130706433),
(149, 20, 1, '1', 1, '超级管理员在2016-05-14 13:46更新了缓存', 1, 1463204798, 2130706433),
(150, 20, 1, '1', 1, '超级管理员在2016-05-14 13:46更新了缓存', 1, 1463204800, 2130706433),
(151, 20, 1, '1', 1, '超级管理员在2016-05-14 13:46更新了缓存', 1, 1463204801, 2130706433),
(152, 20, 1, '1', 1, '超级管理员在2016-05-14 13:46更新了缓存', 1, 1463204802, 2130706433),
(153, 20, 1, '1', 1, '超级管理员在2016-05-14 13:46更新了缓存', 1, 1463204814, 2130706433),
(154, 20, 1, '1', 1, '超级管理员在2016-05-14 13:46更新了缓存', 1, 1463204816, 2130706433),
(155, 20, 1, '1', 1, '超级管理员在2016-05-14 13:46更新了缓存', 1, 1463204818, 2130706433),
(156, 20, 1, '1', 1, '超级管理员在2016-05-14 13:46更新了缓存', 1, 1463204818, 2130706433),
(157, 20, 1, '1', 1, '超级管理员在2016-05-14 13:46更新了缓存', 1, 1463204819, 2130706433),
(158, 20, 1, '1', 1, '超级管理员在2016-05-14 13:47更新了缓存', 1, 1463204820, 2130706433),
(159, 20, 1, '1', 1, '超级管理员在2016-05-14 13:47更新了缓存', 1, 1463204821, 2130706433),
(160, 20, 1, '1', 1, '超级管理员在2016-05-14 13:47更新了缓存', 1, 1463204821, 2130706433),
(161, 20, 1, '1', 1, '超级管理员在2016-05-14 13:47更新了缓存', 1, 1463204822, 2130706433),
(162, 20, 1, '1', 1, '超级管理员在2016-05-14 13:47更新了缓存', 1, 1463204823, 2130706433),
(163, 20, 1, '1', 1, '超级管理员在2016-05-14 13:47更新了缓存', 1, 1463204824, 2130706433),
(164, 20, 1, '1', 1, '超级管理员在2016-05-14 13:47更新了缓存', 1, 1463204824, 2130706433),
(165, 20, 1, '1', 1, '超级管理员在2016-05-14 13:47更新了缓存', 1, 1463204826, 2130706433),
(166, 20, 1, '1', 1, '超级管理员在2016-05-14 13:47更新了缓存', 1, 1463204827, 2130706433),
(167, 20, 1, '1', 1, '超级管理员在2016-05-14 13:47更新了缓存', 1, 1463204828, 2130706433),
(168, 20, 1, '1', 1, '超级管理员在2016-05-14 13:47更新了缓存', 1, 1463204829, 2130706433),
(169, 20, 1, '1', 1, '超级管理员在2016-05-14 13:47更新了缓存', 1, 1463204830, 2130706433),
(170, 20, 1, '1', 1, '超级管理员在2016-05-14 13:47更新了缓存', 1, 1463204831, 2130706433),
(171, 20, 1, '1', 1, '超级管理员在2016-05-14 13:47更新了缓存', 1, 1463204871, 2130706433),
(172, 20, 1, '1', 1, '超级管理员在2016-05-14 13:47更新了缓存', 1, 1463204875, 2130706433),
(173, 20, 1, '1', 1, '超级管理员在2016-05-14 13:47更新了缓存', 1, 1463204876, 2130706433),
(174, 20, 1, '1', 1, '超级管理员在2016-05-14 13:47更新了缓存', 1, 1463204876, 2130706433),
(175, 20, 1, '1', 1, '超级管理员在2016-05-14 13:47更新了缓存', 1, 1463204877, 2130706433),
(176, 20, 1, '1', 1, '超级管理员在2016-05-14 13:47更新了缓存', 1, 1463204878, 2130706433),
(177, 20, 1, '1', 1, '超级管理员在2016-05-14 13:47更新了缓存', 1, 1463204879, 2130706433),
(178, 20, 1, '1', 1, '超级管理员在2016-05-14 13:47更新了缓存', 1, 1463204879, 2130706433),
(179, 20, 1, '1', 1, '超级管理员在2016-05-14 13:48更新了缓存', 1, 1463204899, 2130706433),
(180, 20, 1, '1', 1, '超级管理员在2016-05-14 13:48更新了缓存', 1, 1463204900, 2130706433),
(181, 20, 1, '1', 1, '超级管理员在2016-05-14 13:48更新了缓存', 1, 1463204900, 2130706433),
(182, 20, 1, '1', 1, '超级管理员在2016-05-14 13:48更新了缓存', 1, 1463204901, 2130706433),
(183, 20, 1, '1', 1, '超级管理员在2016-05-14 13:48更新了缓存', 1, 1463204902, 2130706433),
(184, 20, 1, '1', 1, '超级管理员在2016-05-14 13:48更新了缓存', 1, 1463204902, 2130706433),
(185, 20, 1, '1', 1, '超级管理员在2016-05-14 13:48更新了缓存', 1, 1463204903, 2130706433),
(186, 20, 1, '1', 1, '超级管理员在2016-05-14 13:48更新了缓存', 1, 1463204904, 2130706433),
(187, 20, 1, '1', 1, '超级管理员在2016-05-14 13:48更新了缓存', 1, 1463204904, 2130706433),
(188, 20, 1, '1', 1, '超级管理员在2016-05-14 13:48更新了缓存', 1, 1463204905, 2130706433),
(189, 20, 1, '1', 1, '超级管理员在2016-05-14 13:48更新了缓存', 1, 1463204905, 2130706433),
(190, 20, 1, '1', 1, '超级管理员在2016-05-14 13:48更新了缓存', 1, 1463204906, 2130706433),
(191, 20, 1, '1', 1, '超级管理员在2016-05-14 13:48更新了缓存', 1, 1463204907, 2130706433),
(192, 20, 1, '1', 1, '超级管理员在2016-05-14 13:55更新了缓存', 1, 1463205349, 2130706433),
(193, 20, 1, '1', 1, '超级管理员在2016-05-14 13:55更新了缓存', 1, 1463205350, 2130706433),
(194, 20, 1, '1', 1, '超级管理员在2016-05-14 13:55更新了缓存', 1, 1463205351, 2130706433),
(195, 20, 1, '1', 1, '超级管理员在2016-05-14 13:55更新了缓存', 1, 1463205351, 2130706433),
(196, 20, 1, '1', 1, '超级管理员在2016-05-14 13:55更新了缓存', 1, 1463205352, 2130706433),
(197, 20, 1, '1', 1, '超级管理员在2016-05-14 13:55更新了缓存', 1, 1463205353, 2130706433),
(198, 20, 1, '1', 1, '超级管理员在2016-05-14 13:55更新了缓存', 1, 1463205353, 2130706433),
(199, 20, 1, '1', 1, '超级管理员在2016-05-14 13:55更新了缓存', 1, 1463205354, 2130706433),
(200, 20, 1, '1', 1, '超级管理员在2016-05-14 13:55更新了缓存', 1, 1463205355, 2130706433),
(201, 20, 1, '1', 1, '超级管理员在2016-05-14 13:55更新了缓存', 1, 1463205355, 2130706433),
(202, 20, 1, '1', 1, '超级管理员在2016-05-14 13:55更新了缓存', 1, 1463205356, 2130706433),
(203, 20, 1, '1', 1, '超级管理员在2016-05-14 13:55更新了缓存', 1, 1463205357, 2130706433),
(204, 20, 1, '1', 1, '超级管理员在2016-05-14 13:55更新了缓存', 1, 1463205357, 2130706433),
(205, 20, 1, '1', 1, '超级管理员在2016-05-14 13:55更新了缓存', 1, 1463205358, 2130706433),
(206, 20, 1, '1', 1, '超级管理员在2016-05-14 13:55更新了缓存', 1, 1463205358, 2130706433),
(207, 20, 1, '1', 1, '超级管理员在2016-05-14 13:56更新了缓存', 1, 1463205373, 2130706433),
(208, 20, 1, '1', 1, '超级管理员在2016-05-14 13:56更新了缓存', 1, 1463205374, 2130706433),
(209, 20, 1, '1', 1, '超级管理员在2016-05-14 13:57更新了缓存', 1, 1463205467, 2130706433),
(210, 20, 1, '1', 1, '超级管理员在2016-05-14 13:57更新了缓存', 1, 1463205468, 2130706433),
(211, 20, 1, '1', 1, '超级管理员在2016-05-14 13:57更新了缓存', 1, 1463205469, 2130706433),
(212, 20, 1, '1', 1, '超级管理员在2016-05-14 13:57更新了缓存', 1, 1463205470, 2130706433),
(213, 18, 1, 'authrule', 115, '超级管理员在2016-05-14 15:08修改了规则', 1, 1463209728, 2130706433),
(214, 20, 1, '1', 1, '超级管理员在2016-05-14 15:09更新了缓存', 1, 1463209776, 2130706433),
(215, 20, 1, '1', 1, '超级管理员在2016-05-14 15:09更新了缓存', 1, 1463209781, 2130706433),
(216, 20, 1, '1', 1, '超级管理员在2016-05-14 15:09更新了缓存', 1, 1463209782, 2130706433),
(217, 18, 1, 'authrule', 78, '超级管理员在2016-05-14 15:26修改了规则', 1, 1463210795, 2130706433),
(218, 21, 1, '1', 1, '在2016-05-14 21:07添加了管理用户', 1, 1463231242, 2130706433),
(219, 21, 1, 'manager', 38, '在2016-05-14 21:10添加了管理用户', 1, 1463231449, 2130706433),
(220, 15, 1, 'action', 26, '在2016-05-14 21:11添加了行为', 1, 1463231514, 2130706433),
(221, 18, 1, 'authrule', 1, '在2016-05-14 21:16修改了规则', 1, 1463231807, 2130706433),
(222, 21, 1, 'manager', 39, '在2016-05-14 21:25添加了管理用户', 1, 1463232308, 2130706433),
(223, 18, 1, 'authrule', 1, '在2016-05-14 21:31修改了规则', 1, 1463232696, 2130706433),
(224, 15, 1, 'action', 27, '在2016-05-14 21:57添加了行为', 1, 1463234234, 2130706433),
(225, 27, 1, 'manager', 1, '在2016-05-14 21:59禁用了管理用户', 1, 1463234391, 2130706433),
(226, 27, 1, 'manager', 1, '在2016-05-14 22:00禁用了管理用户', 1, 1463234432, 2130706433),
(227, 27, 1, 'manager', 28, '在2016-05-14 22:03禁用了管理用户', 1, 1463234591, 2130706433),
(228, 16, 1, 'action', 27, '在2016-05-14 22:11修改了行为', 1, 1463235066, 2130706433),
(229, 27, 1, 'manager', 34, '在2016-05-14 22:21启用了管理用户', 1, 1463235685, 2130706433),
(230, 27, 1, 'manager', 35, '在2016-05-14 22:21启用了管理用户', 1, 1463235706, 2130706433),
(231, 27, 1, 'manager', 35, '在2016-05-14 22:22启用了管理用户', 1, 1463235737, 2130706433),
(232, 27, 1, 'manager', 35, '在2016-05-14 22:24禁用了管理用户', 1, 1463235851, 2130706433),
(233, 27, 1, 'manager', 33, '在2016-05-14 22:28启用了管理用户', 1, 1463236108, 2130706433),
(234, 27, 1, 'manager', 34, '在2016-05-14 22:30启用了管理用户', 1, 1463236201, 2130706433),
(235, 27, 1, 'manager', 32, '在2016-05-14 22:30启用了管理用户', 1, 1463236206, 2130706433),
(236, 27, 1, 'manager', 35, '在2016-05-14 22:30启用了管理用户', 1, 1463236222, 2130706433),
(237, 20, 1, '1', 1, '在2016-05-14 22:33更新了缓存', 1, 1463236425, 2130706433),
(238, 27, 1, 'manager', 31, '在2016-05-14 22:41禁用了管理用户', 1, 1463236897, 2130706433),
(239, 27, 1, 'manager', 35, '在2016-05-14 22:42禁用了管理用户', 1, 1463236935, 2130706433),
(240, 27, 1, 'manager', 35, '在2016-05-14 22:43启用了管理用户', 1, 1463237029, 2130706433),
(241, 26, 1, 'manager', 35, '在2016-05-14 22:45修改了管理用户', 1, 1463237136, 2130706433),
(242, 26, 1, 'manager', 30, '在2016-05-14 22:45修改了管理用户', 1, 1463237156, 2130706433),
(243, 19, 1, 'manager', 1, '在2016-05-14 22:47删除了用户', 1, 1463237273, 2130706433),
(244, 15, 1, 'action', 28, '在2016-05-14 23:02添加了行为', 1, 1463238146, 2130706433),
(245, 16, 1, 'action', 28, '在2016-05-14 23:06修改了行为', 1, 1463238404, 2130706433),
(246, 15, 1, 'action', 29, '在2016-05-14 23:07添加了行为', 1, 1463238434, 2130706433),
(247, 16, 1, 'action', 29, '在2016-05-14 23:07修改了行为', 1, 1463238453, 2130706433),
(248, 1, 1, 'manager', 1, '在2016-05-14 23:20登录了后台', 1, 1463239221, 2130706433),
(249, 1, 1, 'manager', 1, '在2016-05-15 09:05登录了后台', 1, 1463274339, 2130706433),
(250, 20, 1, '1', 1, '在2016-05-15 09:48更新了缓存', 1, 1463276913, 2130706433),
(251, 18, 1, 'authrule', 1, '在2016-05-15 09:56修改了规则', 1, 1463277389, 2130706433),
(252, 18, 1, 'authrule', 27, '在2016-05-15 09:56修改了规则', 1, 1463277418, 2130706433),
(253, 15, 1, 'action', 30, '在2016-05-15 10:25添加了行为', 1, 1463279149, 2130706433),
(254, 27, 1, 'manager', 34, '在2016-05-15 10:28启用了管理用户', 1, 1463279333, 2130706433),
(255, 27, 1, 'manager', 33, '在2016-05-15 10:28启用了管理用户', 1, 1463279339, 2130706433),
(256, 30, 1, 'auth_rule', 1, '在2016-05-15 10:44启用了规则', 1, 1463280251, 2130706433),
(257, 30, 1, 'auth_rule', 1, '在2016-05-15 10:44启用了规则', 1, 1463280253, 2130706433),
(258, 30, 1, 'auth_rule', 1, '在2016-05-15 10:44启用了规则', 1, 1463280253, 2130706433),
(259, 30, 1, 'auth_rule', 1, '在2016-05-15 10:44启用了规则', 1, 1463280253, 2130706433),
(260, 30, 1, 'auth_rule', 1, '在2016-05-15 10:44启用了规则', 1, 1463280254, 2130706433),
(261, 30, 1, 'auth_rule', 1, '在2016-05-15 10:44启用了规则', 1, 1463280254, 2130706433),
(262, 30, 1, 'auth_rule', 1, '在2016-05-15 10:44启用了规则', 1, 1463280255, 2130706433),
(263, 30, 1, 'auth_rule', 1, '在2016-05-15 10:44启用了规则', 1, 1463280255, 2130706433),
(264, 30, 1, 'auth_rule', 1, '在2016-05-15 10:44启用了规则', 1, 1463280255, 2130706433),
(265, 30, 1, 'auth_rule', 1, '在2016-05-15 10:44启用了规则', 1, 1463280255, 2130706433),
(266, 30, 1, 'auth_rule', 1, '在2016-05-15 10:44启用了规则', 1, 1463280256, 2130706433),
(267, 30, 1, 'auth_rule', 1, '在2016-05-15 10:44启用了规则', 1, 1463280256, 2130706433),
(268, 30, 1, 'auth_rule', 1, '在2016-05-15 10:44启用了规则', 1, 1463280256, 2130706433),
(269, 30, 1, 'auth_rule', 205, '在2016-05-15 10:45禁用了规则', 1, 1463280313, 2130706433),
(270, 30, 1, 'auth_rule', 205, '在2016-05-15 10:45禁用了规则', 1, 1463280314, 2130706433),
(271, 30, 1, 'auth_rule', 205, '在2016-05-15 10:45禁用了规则', 1, 1463280315, 2130706433),
(272, 30, 1, 'auth_rule', 205, '在2016-05-15 10:45禁用了规则', 1, 1463280315, 2130706433),
(273, 30, 1, 'auth_rule', 205, '在2016-05-15 10:45禁用了规则', 1, 1463280315, 2130706433),
(274, 30, 1, 'auth_rule', 205, '在2016-05-15 10:45禁用了规则', 1, 1463280316, 2130706433),
(275, 30, 1, 'auth_rule', 205, '在2016-05-15 10:45禁用了规则', 1, 1463280316, 2130706433),
(276, 30, 1, 'auth_rule', 205, '在2016-05-15 10:45禁用了规则', 1, 1463280316, 2130706433),
(277, 30, 1, 'auth_rule', 205, '在2016-05-15 10:45禁用了规则', 1, 1463280316, 2130706433),
(278, 30, 1, 'auth_rule', 205, '在2016-05-15 10:45禁用了规则', 1, 1463280316, 2130706433),
(279, 30, 1, 'auth_rule', 205, '在2016-05-15 10:45禁用了规则', 1, 1463280316, 2130706433),
(280, 30, 1, 'auth_rule', 205, '在2016-05-15 10:47禁用了规则', 1, 1463280456, 2130706433),
(281, 30, 1, 'auth_rule', 205, '在2016-05-15 10:481了规则', 1, 1463280485, 2130706433),
(282, 30, 1, 'auth_rule', 205, '在2016-05-15 10:481了规则', 1, 1463280486, 2130706433),
(283, 30, 1, 'auth_rule', 205, '在2016-05-15 10:481了规则', 1, 1463280486, 2130706433),
(284, 30, 1, 'auth_rule', 205, '在2016-05-15 10:481了规则', 1, 1463280487, 2130706433),
(285, 30, 1, 'auth_rule', 205, '在2016-05-15 10:481了规则', 1, 1463280487, 2130706433),
(286, 30, 1, 'auth_rule', 205, '在2016-05-15 10:481了规则', 1, 1463280511, 2130706433),
(287, 30, 1, 'auth_rule', 205, '在2016-05-15 10:49禁用了规则', 1, 1463280545, 2130706433),
(288, 30, 1, 'auth_rule', 205, '在2016-05-15 10:50:12禁用了规则', 1, 1463280612, 2130706433),
(289, 30, 1, 'auth_rule', 205, '在2016-05-15 10:50:20禁用了规则', 1, 1463280620, 2130706433),
(290, 27, 1, 'manager', 34, '在2016-05-15 10:52:39禁用了管理用户', 1, 1463280759, 2130706433),
(291, 27, 1, 'manager', 33, '在2016-05-15 10:52:59禁用了管理用户', 1, 1463280779, 2130706433),
(292, 27, 1, 'manager', 34, '在2016-05-15 10:53:15启用了管理用户', 1, 1463280795, 2130706433),
(293, 30, 1, 'auth_rule', 205, '在2016-05-15 10:55:40启用了规则', 1, 1463280940, 2130706433),
(294, 30, 1, 'auth_rule', 205, '在2016-05-15 10:55:46启用了规则', 1, 1463280946, 2130706433),
(295, 30, 1, 'auth_rule', 205, '在2016-05-15 10:55:47启用了规则', 1, 1463280947, 2130706433),
(296, 30, 1, 'auth_rule', 205, '在2016-05-15 10:55:48启用了规则', 1, 1463280948, 2130706433),
(297, 30, 1, 'auth_rule', 205, '在2016-05-15 10:55:49启用了规则', 1, 1463280949, 2130706433),
(298, 30, 1, 'auth_rule', 205, '在2016-05-15 10:55:49启用了规则', 1, 1463280949, 2130706433),
(299, 30, 1, 'auth_rule', 205, '在2016-05-15 10:55:49启用了规则', 1, 1463280949, 2130706433),
(300, 30, 1, 'auth_rule', 205, '在2016-05-15 10:55:50启用了规则', 1, 1463280950, 2130706433),
(301, 30, 1, 'auth_rule', 205, '在2016-05-15 10:55:50启用了规则', 1, 1463280950, 2130706433),
(302, 30, 1, 'auth_rule', 205, '在2016-05-15 10:55:50启用了规则', 1, 1463280950, 2130706433),
(303, 30, 1, 'auth_rule', 205, '在2016-05-15 10:55:51启用了规则', 1, 1463280951, 2130706433),
(304, 30, 1, 'auth_rule', 205, '在2016-05-15 10:55:51启用了规则', 1, 1463280951, 2130706433),
(305, 30, 1, 'auth_rule', 205, '在2016-05-15 10:55:51启用了规则', 1, 1463280951, 2130706433),
(306, 30, 1, 'auth_rule', 205, '在2016-05-15 10:55:51启用了规则', 1, 1463280951, 2130706433),
(307, 30, 1, 'auth_rule', 205, '在2016-05-15 10:55:52启用了规则', 1, 1463280952, 2130706433),
(308, 30, 1, 'auth_rule', 205, '在2016-05-15 10:55:52启用了规则', 1, 1463280952, 2130706433),
(309, 30, 1, 'auth_rule', 205, '在2016-05-15 10:55:52启用了规则', 1, 1463280952, 2130706433),
(310, 30, 1, 'auth_rule', 205, '在2016-05-15 10:55:52启用了规则', 1, 1463280952, 2130706433),
(311, 30, 1, 'auth_rule', 205, '在2016-05-15 10:55:53启用了规则', 1, 1463280953, 2130706433),
(312, 30, 1, 'auth_rule', 205, '在2016-05-15 10:55:53启用了规则', 1, 1463280953, 2130706433),
(313, 30, 1, 'auth_rule', 205, '在2016-05-15 10:55:53启用了规则', 1, 1463280953, 2130706433),
(314, 30, 1, 'auth_rule', 205, '在2016-05-15 10:55:53启用了规则', 1, 1463280953, 2130706433),
(315, 30, 1, 'auth_rule', 205, '在2016-05-15 10:55:53启用了规则', 1, 1463280953, 2130706433),
(316, 30, 1, 'auth_rule', 205, '在2016-05-15 10:55:54启用了规则', 1, 1463280954, 2130706433),
(317, 30, 1, 'auth_rule', 205, '在2016-05-15 10:55:54启用了规则', 1, 1463280954, 2130706433),
(318, 30, 1, 'auth_rule', 205, '在2016-05-15 10:55:54启用了规则', 1, 1463280954, 2130706433),
(319, 30, 1, 'auth_rule', 205, '在2016-05-15 10:55:55启用了规则', 1, 1463280955, 2130706433),
(320, 30, 1, 'auth_rule', 205, '在2016-05-15 10:55:55启用了规则', 1, 1463280955, 2130706433),
(321, 30, 1, 'auth_rule', 205, '在2016-05-15 10:55:55启用了规则', 1, 1463280955, 2130706433),
(322, 30, 1, 'auth_rule', 205, '在2016-05-15 10:55:55启用了规则', 1, 1463280955, 2130706433),
(323, 30, 1, 'auth_rule', 205, '在2016-05-15 10:55:56启用了规则', 1, 1463280956, 2130706433),
(324, 30, 1, 'auth_rule', 205, '在2016-05-15 10:55:56启用了规则', 1, 1463280956, 2130706433),
(325, 30, 1, 'auth_rule', 205, '在2016-05-15 10:55:56启用了规则', 1, 1463280956, 2130706433),
(326, 30, 1, 'auth_rule', 205, '在2016-05-15 10:55:56启用了规则', 1, 1463280956, 2130706433),
(327, 30, 1, 'auth_rule', 205, '在2016-05-15 10:55:57启用了规则', 1, 1463280957, 2130706433),
(328, 30, 1, 'auth_rule', 205, '在2016-05-15 10:55:57启用了规则', 1, 1463280957, 2130706433),
(329, 30, 1, 'auth_rule', 205, '在2016-05-15 10:55:57启用了规则', 1, 1463280957, 2130706433),
(330, 30, 1, 'auth_rule', 205, '在2016-05-15 10:55:57启用了规则', 1, 1463280957, 2130706433),
(331, 30, 1, 'auth_rule', 205, '在2016-05-15 10:55:57启用了规则', 1, 1463280957, 2130706433),
(332, 30, 1, 'auth_rule', 205, '在2016-05-15 10:55:58启用了规则', 1, 1463280958, 2130706433),
(333, 30, 1, 'auth_rule', 205, '在2016-05-15 10:55:58启用了规则', 1, 1463280958, 2130706433),
(334, 30, 1, 'auth_rule', 205, '在2016-05-15 10:55:58启用了规则', 1, 1463280958, 2130706433),
(335, 30, 1, 'auth_rule', 205, '在2016-05-15 10:55:58启用了规则', 1, 1463280958, 2130706433),
(336, 30, 1, 'auth_rule', 205, '在2016-05-15 10:58:03启用了规则', 1, 1463281083, 2130706433),
(337, 30, 1, 'auth_rule', 205, '在2016-05-15 10:58:04启用了规则', 1, 1463281084, 2130706433),
(338, 30, 1, 'auth_rule', 205, '在2016-05-15 10:58:04启用了规则', 1, 1463281084, 2130706433),
(339, 30, 1, 'auth_rule', 205, '在2016-05-15 10:58:04启用了规则', 1, 1463281084, 2130706433),
(340, 30, 1, 'auth_rule', 205, '在2016-05-15 10:58:04启用了规则', 1, 1463281084, 2130706433),
(341, 30, 1, 'auth_rule', 205, '在2016-05-15 10:58:04启用了规则', 1, 1463281084, 2130706433),
(342, 30, 1, 'auth_rule', 205, '在2016-05-15 10:58:05启用了规则', 1, 1463281085, 2130706433),
(343, 30, 1, 'auth_rule', 205, '在2016-05-15 10:58:05启用了规则', 1, 1463281085, 2130706433),
(344, 30, 1, 'auth_rule', 205, '在2016-05-15 10:58:05启用了规则', 1, 1463281085, 2130706433),
(345, 30, 1, 'auth_rule', 205, '在2016-05-15 10:58:20启用了规则', 1, 1463281100, 2130706433),
(346, 30, 1, 'auth_rule', 205, '在2016-05-15 10:58:57启用了规则', 1, 1463281137, 2130706433),
(347, 30, 1, 'auth_rule', 205, '在2016-05-15 11:00:14启用了规则', 1, 1463281214, 2130706433),
(348, 30, 1, 'auth_rule', 205, '在2016-05-15 11:00:15启用了规则', 1, 1463281215, 2130706433),
(349, 30, 1, 'auth_rule', 205, '在2016-05-15 11:00:16启用了规则', 1, 1463281216, 2130706433),
(350, 30, 1, 'auth_rule', 205, '在2016-05-15 11:00:16启用了规则', 1, 1463281216, 2130706433),
(351, 30, 1, 'auth_rule', 205, '在2016-05-15 11:00:45启用了规则', 1, 1463281245, 2130706433),
(352, 30, 1, 'auth_rule', 205, '在2016-05-15 11:01:16启用了规则', 1, 1463281276, 2130706433),
(353, 30, 1, 'auth_rule', 205, '在2016-05-15 11:02:05启用了规则', 1, 1463281325, 2130706433),
(354, 30, 1, 'auth_rule', 205, '在2016-05-15 11:02:07启用了规则', 1, 1463281327, 2130706433),
(355, 30, 1, 'auth_rule', 205, '在2016-05-15 11:02:08启用了规则', 1, 1463281328, 2130706433),
(356, 30, 1, 'auth_rule', 205, '在2016-05-15 11:02:08启用了规则', 1, 1463281328, 2130706433),
(357, 30, 1, 'auth_rule', 205, '在2016-05-15 11:02:08启用了规则', 1, 1463281328, 2130706433),
(358, 30, 1, 'auth_rule', 205, '在2016-05-15 11:02:08启用了规则', 1, 1463281328, 2130706433),
(359, 30, 1, 'auth_rule', 205, '在2016-05-15 11:02:09启用了规则', 1, 1463281329, 2130706433),
(360, 30, 1, 'auth_rule', 205, '在2016-05-15 11:02:09启用了规则', 1, 1463281329, 2130706433),
(361, 30, 1, 'auth_rule', 205, '在2016-05-15 11:02:09启用了规则', 1, 1463281329, 2130706433),
(362, 30, 1, 'auth_rule', 205, '在2016-05-15 11:02:09启用了规则', 1, 1463281329, 2130706433),
(363, 30, 1, 'auth_rule', 205, '在2016-05-15 11:02:09启用了规则', 1, 1463281329, 2130706433),
(364, 30, 1, 'auth_rule', 205, '在2016-05-15 11:02:10启用了规则', 1, 1463281330, 2130706433),
(365, 30, 1, 'auth_rule', 205, '在2016-05-15 11:02:10启用了规则', 1, 1463281330, 2130706433),
(366, 30, 1, 'auth_rule', 205, '在2016-05-15 11:02:10启用了规则', 1, 1463281330, 2130706433),
(367, 30, 1, 'auth_rule', 205, '在2016-05-15 11:02:10启用了规则', 1, 1463281330, 2130706433),
(368, 30, 1, 'auth_rule', 205, '在2016-05-15 11:02:11启用了规则', 1, 1463281331, 2130706433),
(369, 30, 1, 'auth_rule', 205, '在2016-05-15 11:02:11启用了规则', 1, 1463281331, 2130706433),
(370, 30, 1, 'auth_rule', 205, '在2016-05-15 11:02:11启用了规则', 1, 1463281331, 2130706433),
(371, 30, 1, 'auth_rule', 205, '在2016-05-15 11:02:37启用了规则', 1, 1463281357, 2130706433),
(372, 30, 1, 'auth_rule', 205, '在2016-05-15 11:02:38启用了规则', 1, 1463281358, 2130706433),
(373, 30, 1, 'auth_rule', 205, '在2016-05-15 11:02:38启用了规则', 1, 1463281358, 2130706433),
(374, 30, 1, 'auth_rule', 205, '在2016-05-15 11:02:38启用了规则', 1, 1463281358, 2130706433),
(375, 30, 1, 'auth_rule', 205, '在2016-05-15 11:02:39启用了规则', 1, 1463281359, 2130706433),
(376, 30, 1, 'auth_rule', 205, '在2016-05-15 11:02:39启用了规则', 1, 1463281359, 2130706433),
(377, 30, 1, 'auth_rule', 205, '在2016-05-15 11:02:39启用了规则', 1, 1463281359, 2130706433),
(378, 30, 1, 'auth_rule', 205, '在2016-05-15 11:02:39启用了规则', 1, 1463281359, 2130706433),
(379, 30, 1, 'auth_rule', 205, '在2016-05-15 11:02:40启用了规则', 1, 1463281360, 2130706433),
(380, 30, 1, 'auth_rule', 205, '在2016-05-15 11:03:13启用了规则', 1, 1463281393, 2130706433),
(381, 30, 1, 'auth_rule', 205, '在2016-05-15 11:03:14启用了规则', 1, 1463281394, 2130706433),
(382, 30, 1, 'auth_rule', 205, '在2016-05-15 11:03:14启用了规则', 1, 1463281394, 2130706433),
(383, 30, 1, 'auth_rule', 205, '在2016-05-15 11:03:14启用了规则', 1, 1463281394, 2130706433),
(384, 30, 1, 'auth_rule', 205, '在2016-05-15 11:03:20启用了规则', 1, 1463281400, 2130706433),
(385, 30, 1, 'auth_rule', 205, '在2016-05-15 11:03:22启用了规则', 1, 1463281402, 2130706433),
(386, 30, 1, 'auth_rule', 205, '在2016-05-15 11:03:40启用了规则', 1, 1463281420, 2130706433),
(387, 30, 1, 'auth_rule', 205, '超级管理员在2016-05-15 11:04:42启用了规则', 1, 1463281482, 2130706433),
(388, 30, 1, 'auth_rule', 205, '超级管理员在2016-05-15 11:05:14启用了规则', 1, 1463281514, 2130706433),
(389, 30, 1, 'auth_rule', 205, '超级管理员在2016-05-15 11:05:15启用了规则', 1, 1463281515, 2130706433),
(390, 30, 1, 'auth_rule', 205, '超级管理员在2016-05-15 11:05:16启用了规则', 1, 1463281516, 2130706433),
(391, 30, 1, 'auth_rule', 205, '超级管理员在2016-05-15 11:05:26启用了规则', 1, 1463281526, 2130706433),
(392, 30, 1, 'auth_rule', 205, '超级管理员在2016-05-15 11:10:43启用了规则', 1, 1463281843, 2130706433),
(393, 16, 1, 'action', 27, '超级管理员在2016-05-15 11:11:06修改了行为', 1, 1463281866, 2130706433),
(394, 16, 1, 'action', 30, '超级管理员在2016-05-15 11:11:39修改了行为', 1, 1463281899, 2130706433),
(395, 30, 1, 'auth_rule', 205, '超级管理员在2016-05-15 11:11:59禁用了规则', 1, 1463281919, 2130706433),
(396, 30, 1, 'auth_rule', 205, '超级管理员在2016-05-15 11:12:00禁用了规则', 1, 1463281920, 2130706433),
(397, 30, 1, 'auth_rule', 205, '超级管理员在2016-05-15 11:12:47禁用了规则', 1, 1463281967, 2130706433),
(398, 27, 1, 'manager', 33, '超级管理员在2016-05-15 11:14:32启用了管理用户', 1, 1463282072, 2130706433),
(399, 30, 1, 'auth_rule', 205, '超级管理员在2016-05-15 11:15:09禁用了规则', 1, 1463282109, 2130706433),
(400, 30, 1, 'auth_rule', 205, '超级管理员在2016-05-15 11:15:11禁用了规则', 1, 1463282111, 2130706433),
(401, 30, 1, 'auth_rule', 205, '超级管理员在2016-05-15 11:15:16禁用了规则', 1, 1463282116, 2130706433),
(402, 30, 1, 'auth_rule', 205, '超级管理员在2016-05-15 11:17:08禁用了规则', 1, 1463282228, 2130706433),
(403, 30, 1, 'auth_rule', 205, '超级管理员在2016-05-15 11:17:29禁用了规则', 1, 1463282249, 2130706433),
(404, 30, 1, 'authrule', 205, '超级管理员在2016-05-15 11:29:43了规则', 1, 1463282983, 2130706433),
(405, 30, 1, 'auth_rule', 205, '超级管理员在2016-05-15 11:36:26启用了规则', 1, 1463283386, 2130706433),
(406, 30, 1, 'auth_rule', 205, '超级管理员在2016-05-15 11:36:27启用了规则', 1, 1463283387, 2130706433),
(407, 30, 1, 'authRule', 205, '超级管理员在2016-05-15 11:40:09禁用了规则', 1, 1463283609, 2130706433),
(408, 30, 1, 'auth_rule', 205, '超级管理员在2016-05-15 11:41:52启用了规则', 1, 1463283712, 2130706433),
(409, 30, 1, 'auth_rule', 205, '超级管理员在2016-05-15 11:42:09禁用了规则', 1, 1463283729, 2130706433),
(410, 19, 1, 'manager', 1, '超级管理员在2016-05-15 11:52:36删除了用户', 1, 1463284356, 2130706433),
(411, 15, 1, 'action', 31, '超级管理员在2016-05-15 11:56:33添加了行为', 1, 1463284593, 2130706433),
(412, 16, 1, 'action', 31, '超级管理员在2016-05-15 11:57:20修改了行为', 1, 1463284640, 2130706433),
(413, 31, 1, 'auth_rule', 1, '超级管理员在2016-05-15 11:57:29删除了规则', 1, 1463284649, 2130706433),
(414, 1, 1, 'manager', 1, '超级管理员在2016-05-15 12:36:06登录了后台', 1, 1463286966, 2130706433),
(415, 1, 1, 'manager', 1, '超级管理员在2016-05-15 12:37:11登录了后台', 1, 1463287031, 2130706433),
(416, 27, 1, 'manager', 32, '超级管理员在2016-05-15 12:37:24启用了管理用户', 1, 1463287044, 2130706433),
(417, 26, 1, 'manager', 32, '超级管理员在2016-05-15 12:37:42修改了管理用户', 1, 1463287062, 2130706433),
(418, 26, 1, 'manager', 32, '超级管理员在2016-05-15 12:38:15修改了管理用户', 1, 1463287095, 2130706433),
(419, 26, 1, 'manager', 3, '超级管理员在2016-05-15 12:38:32修改了管理用户', 1, 1463287112, 2130706433),
(420, 1, 1, 'manager', 1, '超级管理员在2016-05-15 12:40:28登录了后台', 1, 1463287228, 2130706433),
(421, 19, 1, 'manager', 34, '超级管理员在2016-05-15 12:40:35删除了用户', 1, 1463287235, 2130706433),
(422, 19, 1, 'manager', 33, '超级管理员在2016-05-15 12:40:38删除了用户', 1, 1463287238, 2130706433),
(423, 19, 1, 'manager', 32, '超级管理员在2016-05-15 12:40:41删除了用户', 1, 1463287241, 2130706433),
(424, 19, 1, 'manager', 29, '超级管理员在2016-05-15 12:40:44删除了用户', 1, 1463287244, 2130706433),
(425, 19, 1, 'manager', 31, '超级管理员在2016-05-15 12:40:47删除了用户', 1, 1463287247, 2130706433),
(426, 19, 1, 'manager', 26, '超级管理员在2016-05-15 12:40:50删除了用户', 1, 1463287250, 2130706433),
(427, 19, 1, 'manager', 25, '超级管理员在2016-05-15 12:40:53删除了用户', 1, 1463287253, 2130706433),
(428, 19, 1, 'manager', 23, '超级管理员在2016-05-15 12:40:56删除了用户', 1, 1463287256, 2130706433),
(429, 19, 1, 'manager', 22, '超级管理员在2016-05-15 12:40:59删除了用户', 1, 1463287259, 2130706433),
(430, 19, 1, 'manager', 21, '超级管理员在2016-05-15 12:41:01删除了用户', 1, 1463287261, 2130706433),
(431, 19, 1, 'manager', 20, '超级管理员在2016-05-15 12:41:04删除了用户', 1, 1463287264, 2130706433),
(432, 19, 1, 'manager', 19, '超级管理员在2016-05-15 12:41:07删除了用户', 1, 1463287267, 2130706433),
(433, 26, 1, 'manager', 3, '超级管理员在2016-05-15 12:48:00修改了管理用户', 1, 1463287680, 2130706433),
(434, 1, 3, 'manager', 3, '在2016-05-15 12:52:51登录了后台', 1, 1463287971, 2130706433),
(435, 18, 1, 'auth_rule', 27, '超级管理员在2016-05-15 12:55:53修改了规则', 1, 1463288153, 2130706433),
(436, 20, 1, '1', 1, '超级管理员在2016-05-15 13:01:02更新了缓存', 1, 1463288462, 2130706433),
(437, 15, 1, 'action', 32, '超级管理员在2016-05-15 13:10:50添加了行为', 1, 1463289050, 2130706433),
(438, 32, 1, 'auth_rule', 112, '超级管理员在2016-05-15 13:13:07设置了控制台菜单显示状态', 1, 1463289187, 2130706433),
(439, 32, 1, 'auth_rule', 205, '超级管理员在2016-05-15 13:13:27设置了控制台菜单显示状态', 1, 1463289207, 2130706433),
(440, 18, 1, 'auth_rule', 219, '超级管理员在2016-05-15 13:16:58修改了规则', 1, 1463289418, 2130706433),
(441, 18, 1, 'auth_rule', 219, '超级管理员在2016-05-15 13:18:31修改了规则', 1, 1463289511, 2130706433),
(442, 18, 1, 'auth_rule', 219, '超级管理员在2016-05-15 13:22:40修改了规则', 1, 1463289760, 2130706433),
(443, 15, 1, 'action', 33, '超级管理员在2016-05-15 13:27:27添加了行为', 1, 1463290047, 2130706433),
(444, 33, 1, 'auth_rule', 205, '超级管理员在2016-05-15 13:27:51更新了权限认证状态', 1, 1463290071, 2130706433),
(445, 33, 1, 'auth_rule', 27, '超级管理员在2016-05-15 13:28:48更新了权限认证状态', 1, 1463290128, 2130706433),
(446, 33, 1, 'auth_rule', 205, '超级管理员在2016-05-15 13:29:28更新了权限认证状态', 1, 1463290168, 2130706433),
(447, 33, 1, 'auth_rule', 205, '超级管理员在2016-05-15 13:30:17更新了权限认证状态', 1, 1463290217, 2130706433),
(448, 33, 1, 'auth_rule', 205, '超级管理员在2016-05-15 13:31:04更新了权限认证状态', 1, 1463290264, 2130706433),
(449, 33, 1, 'auth_rule', 205, '超级管理员在2016-05-15 13:31:50更新了权限认证状态', 1, 1463290310, 2130706433),
(450, 33, 1, 'auth_rule', 112, '超级管理员在2016-05-15 13:38:49更新了权限认证状态', 1, 1463290729, 2130706433),
(451, 33, 1, 'auth_rule', 112, '超级管理员在2016-05-15 13:38:53更新了权限认证状态', 1, 1463290733, 2130706433),
(452, 32, 1, 'auth_rule', 113, '超级管理员在2016-05-15 13:41:13设置了控制台菜单显示状态', 1, 1463290873, 2130706433),
(453, 32, 1, 'auth_rule', 205, '超级管理员在2016-05-15 13:44:34设置了控制台菜单显示状态', 1, 1463291074, 2130706433),
(454, 27, 1, 'manager', 8, '超级管理员在2016-05-15 14:04:43启用了管理用户', 1, 1463292283, 2130706433),
(455, 27, 1, 'manager', 18, '超级管理员在2016-05-15 14:05:05启用了管理用户', 1, 1463292305, 2130706433),
(456, 27, 1, 'manager', 17, '超级管理员在2016-05-15 14:05:08启用了管理用户', 1, 1463292308, 2130706433),
(457, 1, 1, 'manager', 1, '超级管理员在2016-05-15 14:07:55登录了后台', 1, 1463292475, 2130706433),
(458, 27, 1, 'manager', 16, '超级管理员在2016-05-15 14:08:13启用了管理用户', 1, 1463292493, 2130706433),
(459, 19, 1, 'manager', 17, '超级管理员在2016-05-15 14:23:10删除了用户', 1, 1463293390, 2130706433),
(460, 19, 1, 'manager', 18, '超级管理员在2016-05-15 14:23:13删除了用户', 1, 1463293393, 2130706433),
(461, 19, 1, 'manager', 8, '超级管理员在2016-05-15 14:23:21删除了用户', 1, 1463293401, 2130706433),
(462, 27, 1, 'manager', 15, '超级管理员在2016-05-15 14:25:04启用了管理用户', 1, 1463293504, 2130706433),
(463, 27, 1, 'manager', 14, '超级管理员在2016-05-15 14:25:08启用了管理用户', 1, 1463293508, 2130706433),
(464, 27, 1, 'manager', 13, '超级管理员在2016-05-15 14:25:11启用了管理用户', 1, 1463293511, 2130706433),
(465, 15, 1, 'action', 34, '超级管理员在2016-05-15 14:47:53添加了行为', 1, 1463294873, 2130706433),
(466, 34, 1, 'auth_group', 12, '超级管理员在2016-05-15 14:48:19禁用角色', 1, 1463294899, 2130706433),
(467, 16, 1, 'action', 34, '超级管理员在2016-05-15 14:48:48修改了行为', 1, 1463294928, 2130706433),
(468, 15, 1, 'action', 35, '超级管理员在2016-05-15 14:50:59添加了行为', 1, 1463295059, 2130706433),
(469, 15, 1, 'action', 36, '超级管理员在2016-05-15 14:51:50添加了行为', 1, 1463295110, 2130706433),
(470, 15, 1, 'action', 37, '超级管理员在2016-05-15 14:52:25添加了行为', 1, 1463295145, 2130706433),
(471, 18, 1, 'auth_rule', 101, '超级管理员在2016-05-15 14:54:08修改了规则', 1, 1463295248, 2130706433),
(472, 32, 1, 'auth_rule', 105, '超级管理员在2016-05-15 14:58:08设置了控制台菜单显示状态', 1, 1463295488, 2130706433),
(473, 31, 1, 'auth_rule', 217, '超级管理员在2016-05-15 17:46:20删除了规则', 1, 1463305580, 2130706433),
(474, 20, 1, '1', 1, '超级管理员在2016-05-15 17:48:34更新了缓存', 1, 1463305714, 2130706433),
(475, 20, 1, '1', 1, '超级管理员在2016-05-15 17:49:09更新了缓存', 1, 1463305749, 2130706433),
(476, 33, 1, 'auth_rule', 116, '超级管理员在2016-05-15 17:50:37更新了权限认证状态', 1, 1463305837, 2130706433),
(477, 36, 1, 'auth_group', 2, '超级管理员在2016-05-15 21:11:02编辑了角色', 1, 1463317862, 2130706433),
(478, 36, 1, 'auth_group', 2, '超级管理员在2016-05-15 21:11:43编辑了角色', 1, 1463317903, 2130706433),
(479, 1, 3, 'manager', 3, '在2016-05-15 21:12:31登录了后台', 1, 1463317951, 2130706433),
(480, 21, 1, 'manager', 40, '超级管理员在2016-05-15 21:44:02添加了管理用户', 1, 1463319842, 2130706433),
(481, 26, 1, 'manager', 4, '超级管理员在2016-05-15 21:58:56修改了管理用户', 1, 1463320736, 2130706433),
(482, 19, 1, 'manager', 16, '超级管理员在2016-05-15 21:59:19删除了用户', 1, 1463320759, 2130706433),
(483, 19, 1, 'manager', 15, '超级管理员在2016-05-15 21:59:23删除了用户', 1, 1463320763, 2130706433),
(484, 19, 1, 'manager', 14, '超级管理员在2016-05-15 21:59:27删除了用户', 1, 1463320767, 2130706433),
(485, 19, 1, 'manager', 13, '超级管理员在2016-05-15 21:59:32删除了用户', 1, 1463320772, 2130706433),
(486, 19, 1, 'manager', 12, '超级管理员在2016-05-15 21:59:38删除了用户', 1, 1463320778, 2130706433),
(487, 19, 1, 'manager', 11, '超级管理员在2016-05-15 21:59:45删除了用户', 1, 1463320785, 2130706433),
(488, 19, 1, 'manager', 9, '超级管理员在2016-05-15 21:59:48删除了用户', 1, 1463320788, 2130706433),
(489, 26, 1, 'manager', 4, '超级管理员在2016-05-15 22:00:03修改了管理用户', 1, 1463320803, 2130706433),
(490, 26, 1, 'manager', 4, '超级管理员在2016-05-15 22:01:02修改了管理用户', 1, 1463320862, 2130706433),
(491, 26, 1, 'manager', 4, '超级管理员在2016-05-15 22:03:13修改了管理用户', 1, 1463320993, 2130706433),
(492, 26, 1, 'manager', 4, '超级管理员在2016-05-15 22:06:01修改了管理用户', 1, 1463321161, 2130706433),
(493, 26, 1, 'manager', 4, '超级管理员在2016-05-15 22:23:27修改了管理用户', 1, 1463322207, 2130706433),
(494, 1, 1, 'manager', 1, '超级管理员在2016-05-15 22:54:09登录了后台', 1, 1463324049, 2130706433),
(495, 1, 3, 'manager', 3, '在2016-05-15 22:56:10登录了后台', 1, 1463324170, 2130706433),
(496, 36, 1, 'auth_group', 8, '超级管理员在2016-05-15 23:02:46编辑了角色', 1, 1463324566, 2130706433),
(497, 33, 1, 'auth_rule', 119, '超级管理员在2016-05-15 23:04:43更新了权限认证状态', 1, 1463324683, 2130706433),
(498, 33, 1, 'auth_rule', 2, '超级管理员在2016-05-15 23:05:16更新了权限认证状态', 1, 1463324716, 2130706433),
(499, 33, 1, 'auth_rule', 21, '超级管理员在2016-05-15 23:05:26更新了权限认证状态', 1, 1463324726, 2130706433),
(500, 33, 1, 'auth_rule', 23, '超级管理员在2016-05-15 23:06:03更新了权限认证状态', 1, 1463324763, 2130706433),
(501, 33, 1, 'auth_rule', 24, '超级管理员在2016-05-15 23:06:12更新了权限认证状态', 1, 1463324772, 2130706433),
(502, 33, 1, 'auth_rule', 25, '超级管理员在2016-05-15 23:06:17更新了权限认证状态', 1, 1463324777, 2130706433),
(503, 33, 1, 'auth_rule', 26, '超级管理员在2016-05-15 23:06:27更新了权限认证状态', 1, 1463324787, 2130706433),
(504, 20, 3, '1', 3, '在2016-05-15 23:08:42更新了缓存', 1, 1463324922, 2130706433),
(505, 33, 1, 'auth_rule', 113, '超级管理员在2016-05-15 23:09:51更新了权限认证状态', 1, 1463324991, 2130706433),
(506, 33, 1, 'auth_rule', 27, '超级管理员在2016-05-15 23:10:41更新了权限认证状态', 1, 1463325041, 2130706433),
(507, 1, 3, 'manager', 3, '在2016-05-15 23:11:08登录了后台', 1, 1463325068, 2130706433),
(508, 36, 1, 'auth_group', 8, '超级管理员在2016-05-15 23:11:55编辑了角色', 1, 1463325115, 2130706433),
(509, 33, 1, 'auth_rule', 116, '超级管理员在2016-05-15 23:26:54更新了权限认证状态', 1, 1463326014, 2130706433),
(510, 1, 3, 'manager', 3, '在2016-05-15 23:36:42登录了后台', 1, 1463326602, 2130706433),
(511, 1, 3, 'manager', 3, 'ceroot在2016-05-15 23:37:37登录了后台', 1, 1463326657, 2130706433),
(512, 16, 1, 'action', 37, '超级管理员在2016-05-15 23:41:41修改了行为', 1, 1463326901, 2130706433),
(513, 18, 1, 'auth_rule', 112, '超级管理员在2016-05-15 23:52:03修改了规则', 1, 1463327523, 2130706433),
(514, 18, 1, 'auth_rule', 112, '超级管理员在2016-05-15 23:52:20修改了规则', 1, 1463327540, 2130706433),
(515, 33, 1, 'auth_rule', 112, '超级管理员在2016-05-15 23:53:28更新了权限认证状态', 1, 1463327608, 2130706433),
(516, 30, 1, 'auth_rule', 112, '超级管理员在2016-05-15 23:58:21禁用了规则', 1, 1463327901, 2130706433),
(517, 30, 1, 'auth_rule', 112, '超级管理员在2016-05-16 00:03:21启用了规则', 1, 1463328201, 2130706433),
(518, 30, 1, 'auth_rule', 112, '超级管理员在2016-05-16 00:06:37禁用了规则', 1, 1463328397, 2130706433),
(519, 30, 1, 'auth_rule', 112, '超级管理员在2016-05-16 00:12:39启用了规则', 1, 1463328759, 2130706433),
(520, 30, 1, 'auth_rule', 112, '超级管理员在2016-05-16 00:13:21禁用了规则', 1, 1463328801, 2130706433),
(521, 30, 1, 'auth_rule', 112, '超级管理员在2016-05-16 00:18:00启用了规则', 1, 1463329080, 2130706433),
(522, 30, 1, 'auth_rule', 116, '超级管理员在2016-05-16 00:19:42禁用了规则', 1, 1463329182, 2130706433),
(523, 30, 1, 'auth_rule', 116, '超级管理员在2016-05-16 00:20:36启用了规则', 1, 1463329236, 2130706433),
(524, 30, 1, 'auth_rule', 112, '超级管理员在2016-05-16 00:21:26禁用了规则', 1, 1463329286, 2130706433),
(525, 20, 1, '1', 1, '超级管理员在2016-05-16 00:27:24更新了缓存', 1, 1463329644, 2130706433),
(526, 30, 1, 'auth_rule', 116, '超级管理员在2016-05-16 00:30:57禁用了规则', 1, 1463329857, 2130706433),
(527, 30, 1, 'auth_rule', 112, '超级管理员在2016-05-16 00:31:19启用了规则', 1, 1463329879, 2130706433),
(528, 33, 1, 'auth_rule', 116, '超级管理员在2016-05-16 00:31:38更新了权限认证状态', 1, 1463329898, 2130706433),
(529, 20, 1, '1', 1, '超级管理员在2016-05-16 00:31:46更新了缓存', 1, 1463329906, 2130706433),
(530, 33, 1, 'auth_rule', 116, '超级管理员在2016-05-16 00:32:00更新了权限认证状态', 1, 1463329920, 2130706433),
(531, 30, 1, 'auth_rule', 116, '超级管理员在2016-05-16 00:32:04启用了规则', 1, 1463329924, 2130706433),
(532, 31, 1, 'auth_rule', 221, '超级管理员在2016-05-16 00:36:00删除了规则', 1, 1463330160, 2130706433),
(533, 19, 1, 'manager', 10, '超级管理员在2016-05-16 00:36:20删除了用户', 1, 1463330180, 2130706433),
(534, 19, 1, 'manager', 7, '超级管理员在2016-05-16 00:36:23删除了用户', 1, 1463330183, 2130706433),
(535, 19, 1, 'manager', 6, '超级管理员在2016-05-16 00:36:27删除了用户', 1, 1463330187, 2130706433),
(536, 27, 1, 'manager', 5, '超级管理员在2016-05-16 00:56:07启用了管理用户', 1, 1463331367, 2130706433),
(537, 27, 1, 'manager', 4, '超级管理员在2016-05-16 00:57:05启用了管理用户', 1, 1463331425, 2130706433),
(538, 27, 1, 'manager', 5, '超级管理员在2016-05-16 01:01:06禁用了管理用户', 1, 1463331666, 2130706433),
(539, 27, 1, 'manager', 40, '超级管理员在2016-05-16 01:01:11启用了管理用户', 1, 1463331671, 2130706433),
(540, 27, 1, 'manager', 5, '超级管理员在2016-05-16 01:01:28启用了管理用户', 1, 1463331688, 2130706433),
(541, 1, 1, 'manager', 1, '超级管理员在2016-05-16 20:45:07登录了后台', 1, 1463402707, 2130706433),
(542, 1, 1, 'manager', 1, '超级管理员在2016-05-16 20:45:33登录了后台', 1, 1463402733, 2130706433),
(543, 1, 1, 'manager', 1, '超级管理员在2016-05-16 21:02:06登录了后台', 1, 1463403726, 2130706433),
(544, 1, 1, 'manager', 1, '超级管理员在2016-05-16 21:02:45登录了后台', 1, 1463403765, 2130706433),
(545, 1, 1, 'manager', 1, '超级管理员在2016-05-16 21:04:34登录了后台', 1, 1463403874, 2130706433),
(546, 1, 1, 'manager', 1, '超级管理员在2016-05-16 21:07:11登录了后台', 1, 1463404031, 2130706433),
(547, 1, 1, 'manager', 1, '超级管理员在2016-05-16 21:07:22登录了后台', 1, 1463404042, 2130706433),
(548, 20, 1, '1', 1, '超级管理员在2016-05-16 21:07:49更新了缓存', 1, 1463404069, 2130706433),
(549, 20, 1, '1', 1, '超级管理员在2016-05-16 21:07:52更新了缓存', 1, 1463404072, 2130706433),
(550, 20, 1, '1', 1, '超级管理员在2016-05-16 21:07:52更新了缓存', 1, 1463404072, 2130706433),
(551, 20, 1, '1', 1, '超级管理员在2016-05-16 21:07:52更新了缓存', 1, 1463404072, 2130706433),
(552, 20, 1, '1', 1, '超级管理员在2016-05-16 21:07:53更新了缓存', 1, 1463404073, 2130706433),
(553, 20, 1, '1', 1, '超级管理员在2016-05-16 21:07:53更新了缓存', 1, 1463404073, 2130706433),
(554, 20, 1, '1', 1, '超级管理员在2016-05-16 21:07:53更新了缓存', 1, 1463404073, 2130706433),
(555, 20, 1, '1', 1, '超级管理员在2016-05-16 21:07:53更新了缓存', 1, 1463404073, 2130706433),
(556, 1, 1, 'manager', 1, '超级管理员在2016-05-16 21:08:24登录了后台', 1, 1463404104, 2130706433),
(557, 20, 1, '1', 1, '超级管理员在2016-05-16 21:10:20更新了缓存', 1, 1463404220, 2130706433),
(558, 1, 1, 'manager', 1, '超级管理员在2016-05-16 21:19:28登录了后台', 1, 1463404768, 2130706433),
(559, 1, 1, 'manager', 1, '超级管理员在2016-05-16 21:19:55登录了后台', 1, 1463404795, 2130706433),
(560, 1, 1, 'manager', 1, '超级管理员在2016-05-16 21:20:08登录了后台', 1, 1463404808, 2130706433),
(561, 20, 1, '1', 1, '超级管理员在2016-05-17 22:19:09更新了缓存', 1, 1463494749, 2130706433),
(562, 16, 1, 'action', 1, '超级管理员在2016-05-18 06:53:48修改了行为', 1, 1463525628, 2130706433),
(563, 15, 1, 'action', 38, '超级管理员在2016-05-18 06:55:30添加了行为', 1, 1463525730, 2130706433),
(564, 38, 1, 'manager', 1, ' 超级管理员在2016-05-18 06:55:37退出了控制台', 1, 1463525737, 2130706433),
(565, 1, 1, 'manager', 1, '超级管理员在2016-05-18 06:55:40登录了控制台', 1, 1463525740, 2130706433),
(566, 27, 1, 'manager', 40, '超级管理员在2016-05-18 07:06:35启用了管理用户', 1, 1463526395, 2130706433),
(567, 27, 1, 'manager', 40, '超级管理员在2016-05-18 07:06:40启用了管理用户', 1, 1463526400, 2130706433),
(568, 27, 1, 'manager', 40, '超级管理员在2016-05-18 07:06:59启用了管理用户', 1, 1463526419, 2130706433),
(569, 27, 1, 'manager', 40, '超级管理员在2016-05-18 07:07:34启用了管理用户', 1, 1463526454, 2130706433),
(570, 27, 1, 'manager', 40, '超级管理员在2016-05-18 07:07:47禁用了管理用户', 1, 1463526467, 2130706433),
(571, 19, 1, 'manager', 40, '超级管理员在2016-05-18 07:24:27删除了用户', 1, 1463527467, 2130706433),
(572, 27, 1, 'manager', 5, '超级管理员在2016-05-18 07:24:33禁用了管理用户', 1, 1463527473, 2130706433),
(573, 27, 1, 'manager', 5, '超级管理员在2016-05-18 07:34:30启用了管理用户', 1, 1463528070, 2130706433),
(574, 27, 1, 'manager', 5, '超级管理员在2016-05-18 07:34:35禁用了管理用户', 1, 1463528075, 2130706433),
(575, 27, 1, 'manager', 5, '超级管理员在2016-05-18 07:34:39启用了管理用户', 1, 1463528079, 2130706433),
(576, 38, 1, 'manager', 1, ' 超级管理员在2016-05-18 07:48:53退出了控制台', 1, 1463528933, 2130706433),
(577, 1, 1, 'manager', 1, '超级管理员在2016-05-18 07:49:00登录了控制台', 1, 1463528940, 2130706433),
(578, 38, 1, 'manager', 1, ' 超级管理员在2016-05-18 20:06:06退出了控制台', 1, 1463573166, 2130706433),
(579, 1, 1, 'manager', 1, '超级管理员在2016-05-18 20:06:10登录了控制台', 1, 1463573170, 2130706433),
(580, 20, 1, '1', 1, '超级管理员在2016-05-18 21:44:54更新了缓存', 1, 1463579094, 2130706433),
(581, 20, 1, '1', 1, '超级管理员在2016-05-18 23:19:28更新了缓存', 1, 1463584768, 2130706433),
(582, 38, 1, 'manager', 1, ' 超级管理员在2016-05-18 23:19:33退出了控制台', 1, 1463584773, 2130706433),
(583, 1, 1, 'manager', 1, '超级管理员在2016-05-18 23:19:40登录了控制台', 1, 1463584780, 2130706433),
(584, 20, 1, '1', 1, '超级管理员在2016-05-18 23:43:12更新了缓存', 1, 1463586192, 2130706433),
(585, 21, 1, 'manager', 41, '超级管理员在2016-05-19 00:59:58添加了管理用户', 1, 1463590798, 2130706433),
(586, 21, 1, 'manager', 42, '超级管理员在2016-05-19 08:00:56添加了管理用户', 1, 1463616056, 2130706433),
(587, 20, 1, '1', 1, '超级管理员在2016-05-19 19:42:12更新了缓存', 1, 1463658132, 2130706433),
(588, 15, 1, 'action', 40, '超级管理员在2016-05-19 19:54:31添加了行为', 1, 1463658871, 2130706433),
(589, 16, 1, 'action', 40, '超级管理员在2016-05-19 20:07:44修改了行为', 1, 1463659664, 2130706433),
(590, 15, 1, 'action', 41, '超级管理员在2016-05-19 20:18:35添加了行为', 1, 1463660315, 2130706433);
INSERT INTO `cy_action_log` (`id`, `action_id`, `user_id`, `model`, `record_id`, `remark`, `status`, `create_time`, `action_ip`) VALUES
(591, 16, 1, 'action', 41, '超级管理员在2016-05-19 20:20:11修改了行为', 1, 1463660411, 2130706433),
(592, 15, 1, 'action', 42, '超级管理员在2016-05-19 20:21:30添加了行为', 1, 1463660490, 2130706433),
(593, 16, 1, 'action', 42, '超级管理员在2016-05-19 20:22:28修改了行为', 1, 1463660548, 2130706433),
(594, 15, 1, 'action', 43, '超级管理员在2016-05-19 20:33:56添加了行为', 1, 1463661236, 2130706433),
(595, 18, 1, 'auth_rule', 119, '超级管理员在2016-05-19 20:46:04修改了规则', 1, 1463661964, 2130706433),
(596, 16, 1, 'action', 40, '超级管理员在2016-05-19 20:47:36修改了行为', 1, 1463662056, 2130706433),
(597, 40, 1, 'auth_rule', 224, '超级管理员在2016-05-19 20:47:52添加了规则', 1, 1463662072, 2130706433),
(598, 18, 1, 'auth_rule', 224, '超级管理员在2016-05-19 20:50:34修改了规则', 1, 1463662234, 2130706433),
(599, 18, 1, 'auth_rule', 224, '超级管理员在2016-05-19 20:51:38修改了规则', 1, 1463662298, 2130706433),
(600, 32, 1, 'auth_rule', 221, '超级管理员在2016-05-19 20:52:36设置了控制台菜单显示状态', 1, 1463662356, 2130706433),
(601, 18, 1, 'auth_rule', 221, '超级管理员在2016-05-19 20:53:59修改了规则', 1, 1463662439, 2130706433),
(602, 32, 1, 'auth_rule', 221, '超级管理员在2016-05-19 20:54:08设置了控制台菜单显示状态', 1, 1463662448, 2130706433),
(603, 18, 1, 'auth_rule', 222, '超级管理员在2016-05-19 20:54:34修改了规则', 1, 1463662474, 2130706433),
(604, 32, 1, 'auth_rule', 221, '超级管理员在2016-05-19 20:56:10设置了控制台菜单显示状态', 1, 1463662570, 2130706433),
(605, 32, 1, 'auth_rule', 119, '超级管理员在2016-05-19 21:00:05设置了控制台菜单显示状态', 1, 1463662805, 2130706433),
(606, 32, 1, 'auth_rule', 112, '超级管理员在2016-05-19 21:12:20设置了控制台菜单显示状态', 1, 1463663540, 2130706433),
(607, 27, 1, 'manager', 42, '超级管理员在2016-05-19 21:14:43启用了管理用户', 1, 1463663683, 2130706433),
(608, 32, 1, 'auth_rule', 119, '超级管理员在2016-05-19 21:15:50设置了控制台菜单显示状态', 1, 1463663750, 2130706433),
(609, 33, 1, 'auth_rule', 119, '超级管理员在2016-05-19 21:16:44更新了权限认证状态', 1, 1463663804, 2130706433),
(610, 33, 1, 'auth_rule', 119, '超级管理员在2016-05-19 21:16:48更新了权限认证状态', 1, 1463663808, 2130706433),
(611, 30, 1, 'auth_rule', 119, '超级管理员在2016-05-19 21:16:52禁用了规则', 1, 1463663812, 2130706433),
(612, 32, 1, 'auth_rule', 119, '超级管理员在2016-05-19 21:16:54设置了控制台菜单显示状态', 1, 1463663814, 2130706433),
(613, 32, 1, 'auth_rule', 119, '超级管理员在2016-05-19 21:20:00设置了控制台菜单显示状态', 1, 1463664000, 2130706433),
(614, 18, 1, 'auth_rule', 222, '超级管理员在2016-05-19 21:21:38修改了规则', 1, 1463664098, 2130706433),
(615, 32, 1, 'auth_rule', 221, '超级管理员在2016-05-19 21:21:58设置了控制台菜单显示状态', 1, 1463664118, 2130706433),
(616, 18, 1, 'auth_rule', 221, '超级管理员在2016-05-19 21:22:21修改了规则', 1, 1463664141, 2130706433),
(617, 18, 1, 'auth_rule', 222, '超级管理员在2016-05-19 21:23:00修改了规则', 1, 1463664180, 2130706433),
(618, 18, 1, 'auth_rule', 221, '超级管理员在2016-05-19 21:23:31修改了规则', 1, 1463664211, 2130706433),
(619, 18, 1, 'auth_rule', 76, '超级管理员在2016-05-19 21:30:38修改了规则', 1, 1463664638, 2130706433),
(620, 40, 1, 'auth_rule', 225, '超级管理员在2016-05-19 21:31:32添加了规则', 1, 1463664692, 2130706433),
(621, 18, 1, 'auth_rule', 220, '超级管理员在2016-05-19 21:33:27修改了规则', 1, 1463664807, 2130706433),
(622, 18, 1, 'auth_rule', 219, '超级管理员在2016-05-19 21:33:53修改了规则', 1, 1463664833, 2130706433),
(623, 40, 1, 'auth_rule', 226, '超级管理员在2016-05-19 21:36:00添加了规则', 1, 1463664960, 2130706433),
(624, 32, 1, 'auth_rule', 6, '超级管理员在2016-05-19 21:42:41设置了控制台菜单显示状态', 1, 1463665361, 2130706433),
(625, 32, 1, 'auth_rule', 6, '超级管理员在2016-05-19 21:42:56设置了控制台菜单显示状态', 1, 1463665376, 2130706433),
(626, 32, 1, 'auth_rule', 61, '超级管理员在2016-05-19 21:43:10设置了控制台菜单显示状态', 1, 1463665390, 2130706433),
(627, 32, 1, 'auth_rule', 61, '超级管理员在2016-05-19 21:43:41设置了控制台菜单显示状态', 1, 1463665421, 2130706433),
(628, 32, 1, 'auth_rule', 61, '超级管理员在2016-05-19 22:00:13设置了控制台菜单显示状态', 1, 1463666413, 2130706433),
(629, 40, 1, 'auth_rule', 227, '超级管理员在2016-05-19 22:00:34添加了规则', 1, 1463666434, 2130706433),
(630, 18, 1, 'auth_rule', 227, '超级管理员在2016-05-19 22:01:16修改了规则', 1, 1463666476, 2130706433),
(631, 32, 1, 'auth_rule', 227, '超级管理员在2016-05-19 22:01:25设置了控制台菜单显示状态', 1, 1463666485, 2130706433),
(632, 15, 1, 'action', 44, '超级管理员在2016-05-19 22:06:31添加了行为', 1, 1463666791, 2130706433),
(633, 44, 1, 'action', 44, '超级管理员在2016-05-19 22:10:12启用了行为', 1, 1463667012, 2130706433),
(634, 44, 1, 'action', 43, '超级管理员在2016-05-19 22:10:20禁用了行为', 1, 1463667020, 2130706433),
(635, 16, 1, 'action', 38, '超级管理员在2016-05-19 22:48:32修改了行为', 1, 1463669312, 2130706433),
(636, 38, 1, 'manager', 1, ' 超级管理员在2016-05-22 22:22:18退出了控制台', 1, 1463926938, 2130706433),
(637, 1, 1, 'manager', 1, '超级管理员在2016-05-22 22:22:22登录了控制台', 1, 1463926942, 2130706433),
(638, 32, 1, 'auth_rule', 222, '超级管理员在2016-05-22 22:42:45设置了控制台菜单显示状态', 1, 1463928165, 2130706433),
(639, 18, 1, 'auth_rule', 223, '超级管理员在2016-05-22 22:45:54修改了规则', 1, 1463928354, 2130706433),
(640, 18, 1, 'auth_rule', 224, '超级管理员在2016-05-22 22:46:36修改了规则', 1, 1463928396, 2130706433),
(641, 18, 1, 'auth_rule', 226, '超级管理员在2016-05-22 22:47:19修改了规则', 1, 1463928439, 2130706433),
(642, 40, 1, 'auth_rule', 228, '超级管理员在2016-05-22 22:48:33添加了规则', 1, 1463928513, 2130706433),
(643, 15, 1, 'action', 45, '超级管理员在2016-05-22 22:50:48添加了行为', 1, 1463928648, 2130706433),
(644, 15, 1, 'action', 46, '超级管理员在2016-05-22 22:52:12添加了行为', 1, 1463928732, 2130706433),
(645, 16, 1, 'action', 40, '超级管理员在2016-05-22 22:52:53修改了行为', 1, 1463928773, 2130706433),
(646, 1, 1, 'manager', 1, '超级管理员在2016-05-23 22:30:40登录了控制台', 1, 1464013840, 2130706433),
(647, 38, 1, 'manager', 1, ' 超级管理员在2016-05-23 22:34:48退出了控制台', 1, 1464014088, 2130706433),
(648, 1, 1, 'manager', 1, '超级管理员在2016-05-23 22:35:37登录了控制台', 1, 1464014137, 2130706433),
(649, 15, 1, 'action', 47, '超级管理员在2016-05-23 22:38:29添加了行为', 1, 1464014309, 2130706433),
(650, 15, 1, 'action', 48, '超级管理员在2016-05-23 22:41:26添加了行为', 1, 1464014486, 2130706433),
(651, 45, 1, 'category', 1, '超级管理员在2016-05-23 22:42:03添加了类别', 1, 1464014523, 2130706433),
(652, 48, 1, 'category', 1, '超级管理员在2016-05-23 22:43:20禁用了类别', 1, 1464014600, 2130706433),
(653, 48, 1, 'category', 1, '超级管理员在2016-05-23 22:43:52启用了类别', 1, 1464014632, 2130706433),
(654, 15, 1, 'action', 49, '超级管理员在2016-05-23 22:46:33添加了行为', 1, 1464014793, 2130706433),
(655, 49, 1, 'category', 1, '超级管理员在2016-05-23 22:46:44设置了类别的显示状态', 1, 1464014804, 2130706433),
(656, 18, 1, 'auth_rule', 223, '超级管理员在2016-05-23 22:52:04修改了规则', 1, 1464015124, 2130706433),
(657, 18, 1, 'auth_rule', 228, '超级管理员在2016-05-23 22:52:44修改了规则', 1, 1464015164, 2130706433),
(658, 18, 1, 'auth_rule', 227, '超级管理员在2016-05-23 22:53:31修改了规则', 1, 1464015211, 2130706433),
(659, 18, 1, 'auth_rule', 227, '超级管理员在2016-05-23 22:55:03修改了规则', 1, 1464015303, 2130706433),
(660, 18, 1, 'auth_rule', 228, '超级管理员在2016-05-23 22:55:21修改了规则', 1, 1464015321, 2130706433),
(661, 18, 1, 'auth_rule', 227, '超级管理员在2016-05-23 22:55:35修改了规则', 1, 1464015335, 2130706433),
(662, 20, 1, '1', 1, '超级管理员在2016-05-23 22:56:32更新了缓存', 1, 1464015392, 2130706433),
(663, 20, 1, '1', 1, '超级管理员在2016-05-23 22:57:08更新了缓存', 1, 1464015428, 2130706433),
(664, 20, 1, '1', 1, '超级管理员在2016-05-23 22:57:09更新了缓存', 1, 1464015429, 2130706433),
(665, 20, 1, '1', 1, '超级管理员在2016-05-23 22:57:10更新了缓存', 1, 1464015430, 2130706433),
(666, 18, 1, 'auth_rule', 112, '超级管理员在2016-05-23 22:57:49修改了规则', 1, 1464015469, 2130706433),
(667, 32, 1, 'auth_rule', 112, '超级管理员在2016-05-23 22:58:01设置了控制台菜单显示状态', 1, 1464015481, 2130706433),
(668, 2, 1, 'manager', 1, '超级管理员在2016-05-24 19:51:46退出了管理系统', 1, 1464090706, 2130706433),
(669, 1, 1, 'manager', 1, '超级管理员在2016-05-24 19:51:51登录了管理系统', 1, 1464090711, 2130706433),
(670, 20, 1, 'auth_group', 13, '超级管理员在2016-05-24 19:53:17修改了权限', 1, 1464090797, 2130706433),
(671, 15, 1, 'auth_rule', 112, '超级管理员在2016-05-24 20:01:28启用了规则', 1, 1464091288, 2130706433),
(672, 16, 1, 'auth_rule', 112, '超级管理员在2016-05-24 20:03:09设置了控制台菜单显示状态', 1, 1464091389, 2130706433),
(673, 5, 1, 'action', 28, '超级管理员在2016-05-24 21:49:12修改了行为', 1, 1464097752, 2130706433),
(674, 20, 1, 'auth_group', 2, '超级管理员在2016-05-24 21:49:38修改了权限', 1, 1464097778, 2130706433),
(675, 19, 1, 'auth_group', 15, '超级管理员在2016-05-24 22:40:25新增了角色', 1, 1464100825, 2130706433),
(676, 2, 1, 'manager', 1, '超级管理员在2016-05-25 00:21:24退出了管理系统', 1, 1464106884, 2130706433),
(677, 1, 1, 'manager', 1, '超级管理员在2016-05-25 00:21:36登录了管理系统', 1, 1464106896, 2130706433),
(678, 19, 1, 'auth_group', 16, '超级管理员在2016-05-25 01:56:13新增了角色', 1, 1464112573, 2130706433),
(679, 19, 1, 'auth_group', 17, '超级管理员在2016-05-25 02:01:00新增了角色', 1, 1464112860, 2130706433),
(680, 20, 1, 'auth_group', 17, '超级管理员在2016-05-25 02:09:23修改了权限', 1, 1464113363, 2130706433),
(681, 20, 1, 'auth_group', 8, '超级管理员在2016-05-25 02:10:14修改了权限', 1, 1464113414, 2130706433),
(682, 20, 1, 'auth_group', 8, '超级管理员在2016-05-25 02:12:20修改了权限', 1, 1464113540, 2130706433),
(683, 20, 1, 'auth_group', 8, '超级管理员在2016-05-25 02:13:49修改了权限', 1, 1464113629, 2130706433),
(684, 20, 1, 'auth_group', 8, '超级管理员在2016-05-25 02:14:11修改了权限', 1, 1464113651, 2130706433),
(685, 20, 1, 'auth_group', 8, '超级管理员在2016-05-25 02:15:16修改了权限', 1, 1464113716, 2130706433),
(686, 20, 1, 'auth_group', 11, '超级管理员在2016-05-25 02:19:18修改了权限', 1, 1464113958, 2130706433),
(687, 20, 1, 'auth_group', 17, '超级管理员在2016-05-25 02:27:05修改了权限', 1, 1464114425, 2130706433),
(688, 2, 1, 'manager', 1, '超级管理员在2016-05-25 02:29:00退出了管理系统', 1, 1464114540, 2130706433),
(689, 1, 1, 'manager', 1, '超级管理员在2016-05-25 02:29:04登录了管理系统', 1, 1464114544, 2130706433),
(690, 2, 1, 'manager', 1, '超级管理员在2016-05-25 20:02:59退出了管理系统', 1, 1464177779, 2130706433),
(691, 1, 1, 'manager', 1, '超级管理员在2016-05-25 20:03:03登录了管理系统', 1, 1464177783, 2130706433),
(692, 20, 1, 'auth_group', 2, '超级管理员在2016-05-25 20:27:51修改了权限', 1, 1464179271, 2130706433),
(693, 20, 1, 'auth_group', 3, '超级管理员在2016-05-25 20:28:11修改了权限', 1, 1464179291, 2130706433),
(694, 20, 1, 'auth_group', 4, '超级管理员在2016-05-25 20:28:28修改了权限', 1, 1464179308, 2130706433),
(695, 20, 1, 'auth_group', 8, '超级管理员在2016-05-25 20:28:41修改了权限', 1, 1464179321, 2130706433),
(696, 21, 1, 'auth_group', 17, '超级管理员在2016-05-25 20:29:05删除了角色', 1, 1464179345, 2130706433),
(697, 21, 1, 'auth_group', 16, '超级管理员在2016-05-25 20:29:08删除了角色', 1, 1464179348, 2130706433),
(698, 21, 1, 'auth_group', 15, '超级管理员在2016-05-25 20:29:11删除了角色', 1, 1464179351, 2130706433),
(699, 21, 1, 'auth_group', 13, '超级管理员在2016-05-25 20:29:21删除了角色', 1, 1464179361, 2130706433),
(700, 20, 1, 'auth_group', 12, '超级管理员在2016-05-25 20:29:29修改了权限', 1, 1464179369, 2130706433),
(701, 20, 1, 'auth_group', 11, '超级管理员在2016-05-25 20:29:42修改了权限', 1, 1464179382, 2130706433),
(702, 20, 1, 'auth_group', 10, '超级管理员在2016-05-25 20:30:02修改了权限', 1, 1464179402, 2130706433),
(703, 20, 1, 'auth_group', 9, '超级管理员在2016-05-25 20:30:18修改了权限', 1, 1464179418, 2130706433),
(704, 20, 1, 'auth_group', 12, '超级管理员在2016-05-25 20:56:21修改了权限', 1, 1464180981, 2130706433),
(705, 20, 1, 'auth_group', 2, '超级管理员在2016-05-25 21:12:19修改了权限', 1, 1464181939, 2130706433),
(706, 20, 1, 'auth_group', 2, '超级管理员在2016-05-25 21:12:45修改了权限', 1, 1464181965, 2130706433),
(707, 22, 1, 'auth_group', 2, '超级管理员在2016-05-25 21:15:59禁用了角色', 1, 1464182159, 2130706433),
(708, 22, 1, 'auth_group', 2, '超级管理员在2016-05-25 21:16:02启用了角色', 1, 1464182162, 2130706433),
(709, 22, 1, 'auth_group', 2, '超级管理员在2016-05-25 21:16:18禁用了角色', 1, 1464182178, 2130706433),
(710, 22, 1, 'auth_group', 2, '超级管理员在2016-05-25 21:16:20启用了角色', 1, 1464182180, 2130706433),
(711, 7, 1, 'action', 28, '超级管理员在2016-05-25 21:17:56禁用了行为', 1, 1464182276, 2130706433),
(712, 7, 1, 'action', 28, '超级管理员在2016-05-25 21:17:59启用了行为', 1, 1464182279, 2130706433),
(713, 7, 1, 'action', 28, '超级管理员在2016-05-25 21:39:13禁用了行为', 1, 1464183553, 2130706433),
(714, 7, 1, 'action', 28, '超级管理员在2016-05-25 21:39:32启用了行为', 1, 1464183572, 2130706433),
(715, 11, 1, 'manager', 41, '超级管理员在2016-05-25 22:44:19启用了管理用户', 1, 1464187459, 2130706433),
(716, 9, 1, 'manager', 5, '超级管理员在2016-05-25 22:44:36修改了管理用户', 1, 1464187476, 2130706433),
(717, 11, 1, 'manager', 42, '超级管理员在2016-05-25 22:45:49禁用了管理用户', 1, 1464187549, 2130706433),
(718, 11, 1, 'manager', 42, '超级管理员在2016-05-25 22:45:59启用了管理用户', 1, 1464187559, 2130706433),
(719, 20, 1, 'auth_group', 2, '超级管理员在2016-05-25 22:46:32修改了权限', 1, 1464187592, 2130706433),
(720, 16, 1, 'auth_rule', 112, '超级管理员在2016-05-26 00:11:00设置了控制台菜单显示状态', 1, 1464192660, 2130706433),
(721, 9, 1, 'manager', 42, '超级管理员在2016-05-26 00:11:42修改了管理用户', 1, 1464192702, 2130706433),
(722, 8, 1, 'manager', 43, '超级管理员在2016-05-26 00:11:55添加了管理用户', 1, 1464192715, 2130706433),
(723, 9, 1, 'manager', 43, '超级管理员在2016-05-26 00:17:34修改了管理用户', 1, 1464193054, 2130706433),
(724, 20, 1, 'auth_group', 10, '超级管理员在2016-05-26 00:24:59编辑了角色', 1, 1464193499, 2130706433),
(725, 20, 1, 'auth_group', 4, '超级管理员在2016-05-26 00:25:35修改了权限', 1, 1464193535, 2130706433),
(726, 20, 1, 'auth_group', 2, '超级管理员在2016-05-26 00:26:12修改了权限', 1, 1464193572, 2130706433),
(727, 2, 1, 'manager', 1, '超级管理员在2016-05-26 19:18:23退出了管理系统', 1, 1464261503, 2130706433),
(728, 1, 1, 'manager', 1, '超级管理员在2016-05-26 19:18:28登录了管理系统', 1, 1464261508, 2130706433),
(729, 18, 1, 'auth_rule', 1, '超级管理员在2016-05-26 19:20:15更新了规则排序', 1, 1464261615, 2130706433),
(730, 18, 1, 'auth_rule', 1, '超级管理员在2016-05-26 19:20:30更新了规则排序', 1, 1464261630, 2130706433),
(731, 18, 1, 'auth_rule', 1, '超级管理员在2016-05-26 19:20:39更新了规则排序', 1, 1464261639, 2130706433),
(732, 18, 1, 'auth_rule', 1, '超级管理员在2016-05-26 19:20:47更新了规则排序', 1, 1464261647, 2130706433),
(733, 13, 1, 'auth_rule', 117, '超级管理员在2016-05-26 19:22:41修改了规则', 1, 1464261761, 2130706433),
(734, 4, 1, 'action', 29, '超级管理员在2016-05-26 19:36:41添加了行为', 1, 1464262601, 2130706433),
(735, 29, 1, 'manager', 1, '超级管理员在2016-05-26 20:48:51修改了密码', 1, 1464266931, 2130706433),
(736, 29, 1, 'manager', 1, '超级管理员在2016-05-26 20:51:37修改了密码', 1, 1464267097, 2130706433),
(737, 29, 1, 'manager', 1, '超级管理员在2016-05-26 20:55:01修改了密码', 1, 1464267301, 2130706433),
(738, 9, 1, 'manager', 43, '超级管理员在2016-05-26 21:00:45修改了管理用户', 1, 1464267645, 2130706433),
(739, 9, 1, 'manager', 43, '超级管理员在2016-05-26 21:01:09修改了管理用户', 1, 1464267669, 2130706433),
(740, 9, 1, 'manager', 43, '超级管理员在2016-05-26 21:05:42修改了管理用户', 1, 1464267942, 2130706433),
(741, 9, 1, 'manager', 43, '超级管理员在2016-05-26 21:06:07修改了管理用户', 1, 1464267967, 2130706433),
(742, 9, 1, 'manager', 43, '超级管理员在2016-05-26 21:08:59修改了管理用户', 1, 1464268139, 2130706433),
(743, 9, 1, 'manager', 43, '超级管理员在2016-05-26 21:09:16修改了管理用户', 1, 1464268156, 2130706433),
(744, 9, 1, 'manager', 43, '超级管理员在2016-05-26 21:09:30修改了管理用户', 1, 1464268170, 2130706433),
(745, 9, 1, 'manager', 43, '超级管理员在2016-05-26 21:11:04修改了管理用户', 1, 1464268264, 2130706433),
(746, 9, 1, 'manager', 43, '超级管理员在2016-05-26 21:11:21修改了管理用户', 1, 1464268281, 2130706433),
(747, 1, 43, 'manager', 43, '在2016-05-26 21:12:36登录了管理系统', 1, 1464268356, 2130706433),
(748, 29, 43, 'manager', 43, '在2016-05-26 21:13:38修改了密码', 1, 1464268418, 2130706433),
(749, 2, 43, 'manager', 43, '在2016-05-26 21:13:41退出了管理系统', 1, 1464268421, 2130706433),
(750, 1, 43, 'manager', 43, '在2016-05-26 21:13:45登录了管理系统', 1, 1464268425, 2130706433),
(751, 4, 1, 'action', 30, '超级管理员在2016-05-26 21:15:39添加了行为', 1, 1464268539, 2130706433),
(752, 30, 1, 'manager', 1, '超级管理员在2016-05-26 21:30:31修改了个人信息', 1, 1464269431, 2130706433),
(753, 30, 1, 'manager', 1, '超级管理员在2016-05-26 21:30:34修改了个人信息', 1, 1464269434, 2130706433),
(754, 30, 1, 'manager', 1, 'ceroot在2016-05-26 21:30:40修改了个人信息', 1, 1464269440, 2130706433),
(755, 30, 1, 'manager', 1, 'ceroot在2016-05-26 21:32:02修改了个人信息', 1, 1464269522, 2130706433),
(756, 30, 1, 'manager', 1, 'ceroot在2016-05-26 21:32:50修改了个人信息', 1, 1464269570, 2130706433),
(757, 30, 1, 'manager', 1, 'cerootdd在2016-05-26 21:39:15修改了个人信息', 1, 1464269955, 2130706433),
(758, 30, 1, 'manager', 1, 'cerootdd在2016-05-26 21:40:17修改了个人信息', 1, 1464270017, 2130706433),
(759, 30, 1, 'manager', 1, 'cerootdd在2016-05-26 21:40:26修改了个人信息', 1, 1464270026, 2130706433),
(760, 30, 1, 'manager', 1, 'cerootdd在2016-05-26 21:41:40修改了个人信息', 1, 1464270100, 2130706433),
(761, 30, 1, 'manager', 1, '超级管理员在2016-05-26 21:43:10修改了个人信息', 1, 1464270190, 2130706433),
(762, 30, 43, 'manager', 43, 'fasdfa在2016-05-26 21:44:01修改了个人信息', 1, 1464270241, 2130706433),
(763, 9, 1, 'manager', 43, '超级管理员在2016-05-26 21:44:40修改了管理用户', 1, 1464270280, 2130706433),
(764, 20, 1, 'auth_group', 9, '超级管理员在2016-05-26 21:44:58修改了权限', 1, 1464270298, 2130706433),
(765, 30, 43, 'manager', 43, 'fasdfa在2016-05-26 21:45:20修改了个人信息', 1, 1464270320, 2130706433),
(766, 17, 1, 'auth_rule', 116, '超级管理员在2016-05-26 21:45:39更新了权限认证状态', 1, 1464270339, 2130706433),
(767, 17, 1, 'auth_rule', 116, '超级管理员在2016-05-26 21:45:58更新了权限认证状态', 1, 1464270358, 2130706433),
(768, 13, 1, 'auth_rule', 116, '超级管理员在2016-05-26 21:46:05修改了规则', 1, 1464270365, 2130706433),
(769, 13, 1, 'auth_rule', 117, '超级管理员在2016-05-26 21:46:14修改了规则', 1, 1464270374, 2130706433),
(770, 17, 1, 'auth_rule', 117, '超级管理员在2016-05-26 21:46:24更新了权限认证状态', 1, 1464270384, 2130706433),
(771, 16, 1, 'auth_rule', 112, '超级管理员在2016-05-26 21:46:30设置了控制台菜单显示状态', 1, 1464270390, 2130706433),
(772, 13, 1, 'auth_rule', 113, '超级管理员在2016-05-26 21:47:00修改了规则', 1, 1464270420, 2130706433),
(773, 13, 1, 'auth_rule', 113, '超级管理员在2016-05-26 21:47:11修改了规则', 1, 1464270431, 2130706433),
(774, 5, 1, 'action', 3, '超级管理员在2016-05-27 00:34:23修改了行为', 1, 1464280463, 2130706433),
(775, 3, 1, 'cache', 1, '超级管理员在2016-05-27 00:34:33更新了缓存', 1, 1464280473, 2130706433),
(776, 1, 3, 'manager', 3, 'cerootdd在2016-05-27 00:44:36登录了管理系统', 1, 1464281076, 2130706433),
(777, 1, 3, 'manager', 3, 'cerootdd在2016-05-27 00:47:13登录了管理系统', 1, 1464281233, 2130706433),
(778, 2, 1, 'manager', 1, '超级管理员在2016-05-27 01:15:58退出了管理系统', 1, 1464282958, 2130706433),
(779, 1, 1, 'manager', 1, '超级管理员在2016-05-27 01:16:08登录了管理系统', 1, 1464282968, 2130706433),
(780, 2, 1, 'manager', 1, '超级管理员在2016-05-27 01:22:34退出了管理系统', 1, 1464283354, 2130706433),
(781, 1, 1, 'manager', 1, '超级管理员在2016-05-27 01:22:50登录了管理系统', 1, 1464283370, 2130706433),
(782, 3, 1, 'cache', 1, '超级管理员在2016-05-27 20:27:55更新了缓存', 1, 1464352075, 2130706433),
(783, 2, 1, 'manager', 1, '超级管理员在2016-05-27 20:30:53退出了管理系统', 1, 1464352253, 2130706433),
(784, 1, 1, 'manager', 1, '超级管理员在2016-05-27 20:31:02登录了管理系统', 1, 1464352262, 2130706433),
(785, 13, 1, 'auth_rule', 7, '超级管理员在2016-05-27 20:33:46修改了规则', 1, 1464352426, 2130706433),
(786, 1, 3, 'manager', 3, 'cerootdd在2016-05-27 20:44:17登录了管理系统', 1, 1464353057, 2130706433),
(787, 13, 1, 'auth_rule', 1, '超级管理员在2016-05-27 21:37:08修改了规则', 1, 1464356228, 2130706433),
(788, 2, 1, 'manager', 1, '超级管理员在2016-05-27 21:43:06退出了管理系统', 1, 1464356586, 2130706433),
(789, 1, 1, 'manager', 1, '超级管理员在2016-05-27 21:43:16登录了管理系统', 1, 1464356596, 2130706433),
(790, 3, 1, 'cache', 1, '超级管理员在2016-05-28 11:09:28更新了缓存', 1, 1464404968, 2130706433),
(791, 17, 1, 'auth_rule', 119, '超级管理员在2016-05-28 11:33:38更新了权限认证状态', 1, 1464406418, 2130706433),
(792, 17, 1, 'auth_rule', 119, '超级管理员在2016-05-28 11:35:42更新了权限认证状态', 1, 1464406542, 2130706433),
(793, 13, 1, 'auth_rule', 119, '超级管理员在2016-05-28 11:37:28修改了规则', 1, 1464406648, 2130706433),
(794, 3, 1, 'cache', 1, '超级管理员在2016-05-28 11:38:47更新了缓存', 1, 1464406727, 2130706433),
(795, 12, 1, 'auth_rule', 229, '超级管理员在2016-05-28 11:40:29添加了规则', 1, 1464406829, 2130706433),
(796, 12, 1, 'auth_rule', 230, '超级管理员在2016-05-28 11:41:17添加了规则', 1, 1464406877, 2130706433),
(797, 12, 1, 'auth_rule', 231, '超级管理员在2016-05-28 11:42:10添加了规则', 1, 1464406930, 2130706433),
(798, 12, 1, 'auth_rule', 232, '超级管理员在2016-05-28 11:42:48添加了规则', 1, 1464406968, 2130706433),
(799, 12, 1, 'auth_rule', 233, '超级管理员在2016-05-28 11:43:14添加了规则', 1, 1464406994, 2130706433),
(800, 12, 1, 'auth_rule', 234, '超级管理员在2016-05-28 12:41:28添加了规则', 1, 1464410488, 2130706433),
(801, 4, 1, 'action', 31, '超级管理员在2016-05-28 12:42:22添加了行为', 1, 1464410542, 2130706433),
(802, 4, 1, 'action', 32, '超级管理员在2016-05-28 12:43:01添加了行为', 1, 1464410581, 2130706433),
(803, 31, 1, 'developer', 2, '超级管理员在2016-05-28 12:43:42添加了一篇开发日志', 1, 1464410622, 2130706433),
(804, 13, 1, 'auth_rule', 231, '超级管理员在2016-05-28 12:46:59修改了规则', 1, 1464410819, 2130706433),
(805, 9, 1, 'manager', 42, '超级管理员在2016-05-28 13:03:35修改了管理用户', 1, 1464411815, 2130706433),
(806, 5, 1, 'action', 32, '超级管理员在2016-05-28 13:03:59修改了行为', 1, 1464411839, 2130706433),
(807, 32, 1, 'developer', 2, '超级管理员在2016-05-28 13:10:59编辑了开发日志', 1, 1464412259, 2130706433),
(808, 32, 1, 'developer', 2, '超级管理员在2016-05-28 13:12:25编辑了开发日志', 1, 1464412345, 2130706433),
(809, 32, 1, 'developer', 2, '超级管理员在2016-05-28 13:55:45编辑了开发日志', 1, 1464414945, 2130706433),
(810, 32, 1, 'developer', 2, '超级管理员在2016-05-28 14:00:17编辑了开发日志', 1, 1464415217, 2130706433),
(811, 32, 1, 'developer', 2, '超级管理员在2016-05-28 14:17:40编辑了开发日志', 1, 1464416260, 2130706433),
(812, 32, 1, 'developer', 2, '超级管理员在2016-05-28 14:36:29编辑了开发日志', 1, 1464417389, 2130706433),
(813, 32, 1, 'developer', 2, '超级管理员在2016-05-28 14:37:02编辑了开发日志', 1, 1464417422, 2130706433),
(814, 32, 1, 'developer', 2, '超级管理员在2016-05-28 14:50:55编辑了开发日志', 1, 1464418255, 2130706433),
(815, 32, 1, 'developer', 2, '超级管理员在2016-05-28 15:05:06编辑了开发日志', 1, 1464419106, 2130706433),
(816, 32, 1, 'developer', 2, '超级管理员在2016-05-28 15:06:58编辑了开发日志', 1, 1464419218, 2130706433),
(817, 32, 1, 'developer', 2, '超级管理员在2016-05-28 15:08:28编辑了开发日志', 1, 1464419308, 2130706433),
(818, 32, 1, 'developer', 2, '超级管理员在2016-05-28 15:09:54编辑了开发日志', 1, 1464419394, 2130706433),
(819, 32, 1, 'developer', 2, '超级管理员在2016-05-28 15:12:48编辑了开发日志', 1, 1464419568, 2130706433),
(820, 32, 1, 'developer', 2, '超级管理员在2016-05-28 15:16:32编辑了开发日志', 1, 1464419792, 2130706433),
(821, 32, 1, 'developer', 2, '超级管理员在2016-05-28 15:29:09编辑了开发日志', 1, 1464420549, 2130706433),
(822, 32, 1, 'developer', 2, '超级管理员在2016-05-28 15:30:09编辑了开发日志', 1, 1464420609, 2130706433),
(823, 32, 1, 'developer', 2, '超级管理员在2016-05-28 15:31:06编辑了开发日志', 1, 1464420666, 2130706433),
(824, 32, 1, 'developer', 2, '超级管理员在2016-05-28 15:33:40编辑了开发日志', 1, 1464420820, 2130706433),
(825, 32, 1, 'developer', 2, '超级管理员在2016-05-28 15:34:24编辑了开发日志', 1, 1464420864, 2130706433),
(826, 32, 1, 'developer', 2, '超级管理员在2016-05-28 16:21:07编辑了开发日志', 1, 1464423667, 2130706433),
(827, 32, 1, 'developer', 2, '超级管理员在2016-05-28 16:21:23编辑了开发日志', 1, 1464423683, 2130706433),
(828, 32, 1, 'developer', 2, '超级管理员在2016-05-28 17:11:29编辑了开发日志', 1, 1464426689, 2130706433),
(829, 32, 1, 'developer', 2, '超级管理员在2016-05-28 17:11:55编辑了开发日志', 1, 1464426715, 2130706433),
(830, 32, 1, 'developer', 2, '超级管理员在2016-05-28 17:14:44编辑了开发日志', 1, 1464426884, 2130706433),
(831, 32, 1, 'developer', 2, '超级管理员在2016-05-28 17:15:54编辑了开发日志', 1, 1464426954, 2130706433),
(832, 32, 1, 'developer', 2, '超级管理员在2016-05-28 17:17:33编辑了开发日志', 1, 1464427053, 2130706433),
(833, 32, 1, 'developer', 2, '超级管理员在2016-05-28 17:21:23编辑了开发日志', 1, 1464427283, 2130706433),
(834, 32, 1, 'developer', 2, '超级管理员在2016-05-28 17:21:56编辑了开发日志', 1, 1464427316, 2130706433),
(835, 32, 1, 'developer', 2, '超级管理员在2016-05-28 17:23:30编辑了开发日志', 1, 1464427410, 2130706433),
(836, 32, 1, 'developer', 2, '超级管理员在2016-05-28 18:33:28编辑了开发日志', 1, 1464431608, 2130706433),
(837, 31, 1, 'developer', 3, '超级管理员在2016-05-28 18:40:04添加了一篇开发日志', 1, 1464432004, 2130706433),
(838, 32, 1, 'developer', 3, '超级管理员在2016-05-28 18:54:30编辑了开发日志', 1, 1464432870, 2130706433),
(839, 32, 1, 'developer', 1, '超级管理员在2016-05-28 18:56:10编辑了开发日志', 1, 1464432970, 2130706433),
(840, 32, 1, 'developer', 1, '超级管理员在2016-05-28 18:57:20编辑了开发日志', 1, 1464433040, 2130706433),
(841, 2, 1, 'manager', 1, '超级管理员在2016-05-28 18:57:56退出了管理系统', 1, 1464433076, 2130706433),
(842, 1, 1, 'manager', 1, '超级管理员在2016-05-28 18:58:30登录了管理系统', 1, 1464433110, 2130706433),
(843, 32, 1, 'developer', 3, '超级管理员在2016-05-28 21:46:12编辑了开发日志', 1, 1464443172, 2130706433),
(844, 32, 1, 'developer', 1, '超级管理员在2016-05-28 21:50:18编辑了开发日志', 1, 1464443418, 2130706433),
(845, 2, 1, 'manager', 1, '超级管理员在2016-05-28 21:51:49退出了管理系统', 1, 1464443509, 2130706433),
(846, 1, 1, 'manager', 1, '超级管理员在2016-05-28 21:51:53登录了管理系统', 1, 1464443513, 2130706433),
(847, 31, 1, 'developer', 4, '超级管理员在2016-05-28 22:20:08添加了一篇开发日志', 1, 1464445208, 2130706433),
(848, 32, 1, 'developer', 4, '超级管理员在2016-05-28 22:33:37编辑了开发日志', 1, 1464446017, 2130706433),
(849, 32, 1, 'developer', 4, '超级管理员在2016-05-28 22:35:24编辑了开发日志', 1, 1464446124, 2130706433),
(850, 32, 1, 'developer', 4, '超级管理员在2016-05-28 22:40:24编辑了开发日志', 1, 1464446424, 2130706433),
(851, 32, 1, 'developer', 4, '超级管理员在2016-05-28 22:41:05编辑了开发日志', 1, 1464446465, 2130706433),
(852, 32, 1, 'developer', 4, '超级管理员在2016-05-28 22:48:33编辑了开发日志', 1, 1464446913, 2130706433),
(853, 32, 1, 'developer', 4, '超级管理员在2016-05-28 22:49:08编辑了开发日志', 1, 1464446948, 2130706433),
(854, 32, 1, 'developer', 4, '超级管理员在2016-05-28 22:50:34编辑了开发日志', 1, 1464447034, 2130706433),
(855, 32, 1, 'developer', 4, '超级管理员在2016-05-28 22:53:47编辑了开发日志', 1, 1464447227, 2130706433),
(856, 32, 1, 'developer', 4, '超级管理员在2016-05-28 22:56:27编辑了开发日志', 1, 1464447387, 2130706433),
(857, 32, 1, 'developer', 4, '超级管理员在2016-05-28 22:57:07编辑了开发日志', 1, 1464447427, 2130706433),
(858, 32, 1, 'developer', 4, '超级管理员在2016-05-28 22:59:10编辑了开发日志', 1, 1464447550, 2130706433),
(859, 32, 1, 'developer', 4, '超级管理员在2016-05-28 23:01:28编辑了开发日志', 1, 1464447688, 2130706433),
(860, 31, 1, 'developer', 5, '超级管理员在2016-05-28 23:58:55添加了一篇开发日志', 1, 1464451135, 2130706433),
(861, 32, 1, 'developer', 5, '超级管理员在2016-05-29 00:06:18编辑了开发日志', 1, 1464451578, 2130706433),
(862, 32, 1, 'developer', 5, '超级管理员在2016-05-29 00:06:25编辑了开发日志', 1, 1464451585, 2130706433),
(863, 32, 1, 'developer', 5, '超级管理员在2016-05-29 00:06:48编辑了开发日志', 1, 1464451608, 2130706433),
(864, 32, 1, 'developer', 5, '超级管理员在2016-05-29 00:07:31编辑了开发日志', 1, 1464451651, 2130706433),
(865, 32, 1, 'developer', 5, '超级管理员在2016-05-29 00:07:50编辑了开发日志', 1, 1464451670, 2130706433),
(866, 32, 1, 'developer', 5, '超级管理员在2016-05-29 00:08:34编辑了开发日志', 1, 1464451714, 2130706433),
(867, 31, 1, 'developer', 1, '超级管理员在2016-05-29 00:30:27添加了一篇开发日志', 1, 1464453027, 2130706433),
(868, 2, 1, 'manager', 1, '超级管理员在2016-05-29 11:54:14退出了管理系统', 1, 1464494054, 2130706433),
(869, 1, 1, 'manager', 1, '超级管理员在2016-05-29 11:54:22登录了管理系统', 1, 1464494062, 2130706433),
(870, 20, 1, 'auth_group', 2, '超级管理员在2016-05-29 11:58:50修改了权限', 1, 1464494330, 2130706433),
(871, 20, 1, 'auth_group', 2, '超级管理员在2016-05-29 11:59:18修改了权限', 1, 1464494358, 2130706433),
(872, 20, 1, 'auth_group', 2, '超级管理员在2016-05-29 12:00:38编辑了角色', 1, 1464494438, 2130706433),
(873, 20, 1, 'auth_group', 2, '超级管理员在2016-05-29 12:02:39修改了权限', 1, 1464494559, 2130706433),
(874, 1, 3, 'manager', 3, 'cerootdd在2016-05-29 12:40:14登录了管理系统', 1, 1464496814, 2130706433),
(875, 9, 1, 'manager', 3, '超级管理员在2016-05-29 12:40:41修改了管理用户', 1, 1464496841, 2130706433),
(876, 3, 1, 'cache', 1, '超级管理员在2016-05-29 12:43:18更新了缓存', 1, 1464496998, 2130706433),
(877, 3, 1, 'cache', 1, '超级管理员在2016-05-29 12:43:21更新了缓存', 1, 1464497001, 2130706433),
(878, 3, 1, 'cache', 1, '超级管理员在2016-05-29 12:43:25更新了缓存', 1, 1464497005, 2130706433),
(879, 3, 1, 'cache', 1, '超级管理员在2016-05-29 12:43:27更新了缓存', 1, 1464497007, 2130706433),
(880, 3, 1, 'cache', 1, '超级管理员在2016-05-29 12:45:20更新了缓存', 1, 1464497120, 2130706433),
(881, 3, 1, 'cache', 1, '超级管理员在2016-05-29 12:46:45更新了缓存', 1, 1464497205, 2130706433),
(882, 3, 1, 'cache', 1, '超级管理员在2016-05-29 12:51:58更新了缓存', 1, 1464497518, 2130706433),
(883, 3, 1, 'cache', 1, '超级管理员在2016-05-29 12:59:04更新了缓存', 1, 1464497944, 2130706433),
(884, 3, 1, 'cache', 1, '超级管理员在2016-05-29 12:59:06更新了缓存', 1, 1464497946, 2130706433),
(885, 2, 1, 'manager', 1, '超级管理员在2016-05-29 13:03:09退出了管理系统', 1, 1464498189, 2130706433),
(886, 1, 1, 'manager', 1, '超级管理员在2016-05-29 13:03:45登录了管理系统', 1, 1464498225, 2130706433),
(887, 2, 3, 'manager', 3, 'cerootdd在2016-05-29 13:04:26退出了管理系统', 1, 1464498266, 2130706433),
(888, 3, 1, 'cache', 1, '超级管理员在2016-05-29 13:19:35更新了缓存', 1, 1464499175, 2130706433),
(889, 3, 1, 'cache', 1, '超级管理员在2016-05-29 13:19:41更新了缓存', 1, 1464499181, 2130706433),
(890, 3, 1, 'cache', 1, '超级管理员在2016-05-29 14:08:23更新了缓存', 1, 1464502103, 2130706433),
(891, 3, 1, 'cache', 1, '超级管理员在2016-05-29 14:16:47更新了缓存', 1, 1464502607, 2130706433),
(892, 3, 1, 'cache', 1, '超级管理员在2016-05-29 14:17:06更新了缓存', 1, 1464502626, 2130706433),
(893, 32, 1, 'developer', 1, '超级管理员在2016-05-29 14:47:50编辑了开发日志', 1, 1464504470, 2130706433),
(894, 13, 1, 'auth_rule', 1, '超级管理员在2016-05-29 15:39:06修改了规则', 1, 1464507546, 2130706433),
(895, 3, 1, 'cache', 1, '超级管理员在2016-05-30 19:58:28更新了缓存', 1, 1464609508, 2130706433),
(896, 3, 1, 'cache', 1, '超级管理员在2016-05-30 20:12:32更新了缓存', 1, 1464610352, 2130706433),
(897, 16, 1, 'auth_rule', 112, '超级管理员在2016-05-30 22:22:13设置了控制台菜单显示状态', 1, 1464618133, 2130706433),
(898, 16, 1, 'auth_rule', 112, '超级管理员在2016-05-30 22:22:15设置了控制台菜单显示状态', 1, 1464618135, 2130706433),
(899, 3, 1, 'cache', 1, '超级管理员在2016-05-30 22:55:54更新了缓存', 1, 1464620154, 2130706433),
(900, 3, 1, 'cache', 1, '超级管理员在2016-05-31 21:42:47更新了缓存', 1, 1464702167, 2130706433),
(901, 3, 1, 'cache', 1, '超级管理员在2016-05-31 21:43:49更新了缓存', 1, 1464702229, 2130706433),
(902, 11, 1, 'manager', 42, '超级管理员在2016-05-31 21:44:03禁用了管理用户', 1, 1464702243, 2130706433),
(903, 11, 1, 'manager', 42, '超级管理员在2016-05-31 21:44:06启用了管理用户', 1, 1464702246, 2130706433),
(904, 7, 1, 'action', 32, '超级管理员在2016-06-01 21:06:43禁用了行为', 1, 1464786403, 2130706433),
(905, 7, 1, 'action', 32, '超级管理员在2016-06-01 21:06:50启用了行为', 1, 1464786410, 2130706433),
(906, 3, 1, 'cache', 1, '超级管理员在2016-06-01 21:14:43更新了缓存', 1, 1464786883, 2130706433),
(907, 3, 1, 'cache', 1, '超级管理员在2016-06-01 21:24:07更新了缓存', 1, 1464787447, 2130706433),
(908, 3, 1, 'cache', 1, '超级管理员在2016-06-02 00:47:54更新了缓存', 1, 1464799674, 2130706433),
(909, 2, 1, 'manager', 1, '超级管理员在2016-06-02 00:47:56退出了管理系统', 1, 1464799676, 2130706433),
(910, 1, 1, 'manager', 1, '超级管理员在2016-06-02 00:49:09登录了管理系统', 1, 1464799749, 2130706433),
(911, 3, 1, 'cache', 1, '超级管理员在2016-06-02 00:49:12更新了缓存', 1, 1464799752, 2130706433),
(912, 2, 1, 'manager', 1, '超级管理员在2016-06-02 01:13:11退出了管理系统', 1, 1464801191, 2130706433),
(913, 1, 1, 'manager', 1, '超级管理员在2016-06-02 01:13:20登录了管理系统', 1, 1464801200, 2130706433),
(914, 2, 1, 'manager', 1, '超级管理员在2016-06-02 01:16:13退出了管理系统', 1, 1464801373, 2130706433),
(915, 1, 1, 'manager', 1, '超级管理员在2016-06-02 01:16:17登录了管理系统', 1, 1464801377, 2130706433),
(916, 2, 1, 'manager', 1, '超级管理员在2016-06-02 20:19:41退出了管理系统', 1, 1464869981, 2130706433),
(917, 1, 1, 'manager', 1, '超级管理员在2016-06-02 20:27:07登录了管理系统', 1, 1464870427, 2130706433),
(918, 12, 1, 'auth_rule', 235, '超级管理员在2016-06-02 20:48:26添加了规则', 1, 1464871706, 2130706433),
(919, 18, 1, 'auth_rule', 1, '超级管理员在2016-06-02 20:50:39更新了规则排序', 1, 1464871839, 2130706433),
(920, 12, 1, 'auth_rule', 236, '超级管理员在2016-06-02 20:52:05添加了规则', 1, 1464871925, 2130706433),
(921, 3, 1, 'cache', 1, '超级管理员在2016-06-02 20:55:29更新了缓存', 1, 1464872129, 2130706433),
(922, 18, 1, 'auth_rule', 1, '超级管理员在2016-06-02 20:55:57更新了规则排序', 1, 1464872157, 2130706433),
(923, 3, 1, 'cache', 1, '超级管理员在2016-06-02 20:56:33更新了缓存', 1, 1464872193, 2130706433),
(924, 13, 1, 'auth_rule', 8, '超级管理员在2016-06-02 20:58:59修改了规则', 1, 1464872339, 2130706433),
(925, 12, 1, 'auth_rule', 237, '超级管理员在2016-06-02 21:01:16添加了规则', 1, 1464872476, 2130706433),
(926, 12, 1, 'auth_rule', 238, '超级管理员在2016-06-02 21:01:31添加了规则', 1, 1464872491, 2130706433),
(927, 12, 1, 'auth_rule', 239, '超级管理员在2016-06-02 21:02:08添加了规则', 1, 1464872528, 2130706433),
(928, 12, 1, 'auth_rule', 240, '超级管理员在2016-06-02 21:04:49添加了规则', 1, 1464872689, 2130706433),
(929, 16, 1, 'auth_rule', 239, '超级管理员在2016-06-02 21:05:11设置了控制台菜单显示状态', 1, 1464872711, 2130706433),
(930, 2, 1, 'manager', 1, '超级管理员在2016-06-02 21:33:19退出了管理系统', 1, 1464874400, 2130706433),
(931, 1, 1, 'manager', 1, '超级管理员在2016-06-02 21:33:26登录了管理系统', 1, 1464874406, 2130706433),
(932, 2, 1, 'manager', 1, '超级管理员在2016-06-03 02:34:49退出了管理系统', 1, 1464892489, 2130706433),
(933, 1, 1, 'manager', 1, '超级管理员在2016-06-03 02:34:56登录了管理系统', 1, 1464892496, 2130706433),
(934, 12, 1, 'auth_rule', 241, '超级管理员在2016-06-03 19:47:01添加了规则', 1, 1464954421, 2130706433),
(935, 12, 1, 'auth_rule', 242, '超级管理员在2016-06-03 20:09:54添加了规则', 1, 1464955794, 2130706433),
(936, 12, 1, 'auth_rule', 244, '超级管理员在2016-06-03 20:11:49添加了规则', 1, 1464955909, 2130706433),
(937, 12, 1, 'auth_rule', 245, '超级管理员在2016-06-03 20:12:34添加了规则', 1, 1464955954, 2130706433),
(938, 7, 1, 'action', 33, '超级管理员在2016-06-03 20:15:19禁用了行为', 1, 1464956119, 2130706433),
(939, 7, 1, 'action', 34, '超级管理员在2016-06-03 20:15:20禁用了行为', 1, 1464956120, 2130706433),
(940, 12, 1, 'auth_rule', 246, '超级管理员在2016-06-03 20:16:22添加了规则', 1, 1464956182, 2130706433),
(941, 16, 1, 'auth_rule', 246, '超级管理员在2016-06-03 20:17:28设置了控制台菜单显示状态', 1, 1464956248, 2130706433),
(942, 5, 1, 'action', 36, '超级管理员在2016-06-03 20:22:38修改了行为', 1, 1464956558, 2130706433),
(943, 5, 1, 'action', 36, '超级管理员在2016-06-03 20:24:04修改了行为', 1, 1464956644, 2130706433),
(944, 36, 1, 'dot_menu', 1, '超级管理员在2016-06-03 20:24:32操作了编辑菜单', 1, 1464956672, 2130706433),
(945, 5, 1, 'action', 35, '超级管理员在2016-06-03 20:25:09修改了行为', 1, 1464956709, 2130706433),
(946, 12, 1, 'auth_rule', 247, '超级管理员在2016-06-03 20:31:09添加了规则', 1, 1464957069, 2130706433),
(947, 12, 1, 'auth_rule', 248, '超级管理员在2016-06-03 20:32:10添加了规则', 1, 1464957130, 2130706433),
(948, 12, 1, 'auth_rule', 249, '超级管理员在2016-06-03 20:32:56添加了规则', 1, 1464957176, 2130706433),
(949, 12, 1, 'auth_rule', 250, '超级管理员在2016-06-03 20:33:29添加了规则', 1, 1464957209, 2130706433),
(950, 4, 1, 'action', 37, '超级管理员在2016-06-03 20:35:01添加了行为', 1, 1464957301, 2130706433),
(951, 12, 1, 'auth_rule', 251, '超级管理员在2016-06-03 20:35:06添加了规则', 1, 1464957306, 2130706433),
(952, 12, 1, 'auth_rule', 252, '超级管理员在2016-06-03 20:36:17添加了规则', 1, 1464957377, 2130706433),
(953, 12, 1, 'auth_rule', 253, '超级管理员在2016-06-03 20:36:56添加了规则', 1, 1464957416, 2130706433),
(954, 12, 1, 'auth_rule', 254, '超级管理员在2016-06-03 20:37:27添加了规则', 1, 1464957447, 2130706433),
(955, 12, 1, 'auth_rule', 255, '超级管理员在2016-06-03 20:37:49添加了规则', 1, 1464957469, 2130706433),
(956, 4, 1, 'action', 39, '超级管理员在2016-06-03 20:38:38添加了行为', 1, 1464957518, 2130706433),
(957, 12, 1, 'auth_rule', 256, '超级管理员在2016-06-03 20:39:05添加了规则', 1, 1464957545, 2130706433),
(958, 16, 1, 'auth_rule', 256, '超级管理员在2016-06-03 20:39:46设置了控制台菜单显示状态', 1, 1464957586, 2130706433),
(959, 39, 1, 'dot_cases', 1, '超级管理员在2016-06-03 20:40:07添加了成功案例', 1, 1464957607, 2130706433),
(960, 40, 1, 'dot_cases', 1, '超级管理员在2016-06-03 20:52:05操作了编辑成功案例', 1, 1464958325, 2130706433),
(961, 40, 1, 'dot_cases', 1, '超级管理员在2016-06-03 20:52:42操作了编辑成功案例', 1, 1464958362, 2130706433),
(962, 40, 1, 'dot_cases', 1, '超级管理员在2016-06-03 20:53:20操作了编辑成功案例', 1, 1464958400, 2130706433),
(963, 40, 1, 'dot_cases', 1, '超级管理员在2016-06-03 20:54:22操作了编辑成功案例', 1, 1464958462, 2130706433),
(964, 40, 1, 'dot_cases', 1, '超级管理员在2016-06-03 20:55:33操作了编辑成功案例', 1, 1464958533, 2130706433),
(965, 40, 1, 'dot_cases', 1, '超级管理员在2016-06-03 21:02:27操作了编辑成功案例', 1, 1464958947, 2130706433),
(966, 40, 1, 'dot_cases', 1, '超级管理员在2016-06-03 21:09:19操作了编辑成功案例', 1, 1464959359, 2130706433),
(967, 40, 1, 'dot_cases', 1, '超级管理员在2016-06-03 21:10:16操作了编辑成功案例', 1, 1464959416, 2130706433),
(968, 40, 1, 'dot_cases', 1, '超级管理员在2016-06-03 21:10:24操作了编辑成功案例', 1, 1464959424, 2130706433),
(969, 40, 1, 'dot_cases', 1, '超级管理员在2016-06-03 21:10:38操作了编辑成功案例', 1, 1464959438, 2130706433),
(970, 40, 1, 'dot_cases', 1, '超级管理员在2016-06-03 21:11:57操作了编辑成功案例', 1, 1464959517, 2130706433),
(971, 40, 1, 'dot_cases', 1, '超级管理员在2016-06-03 21:17:12操作了编辑成功案例', 1, 1464959832, 2130706433),
(972, 40, 1, 'dot_cases', 1, '超级管理员在2016-06-03 21:17:38操作了编辑成功案例', 1, 1464959858, 2130706433),
(973, 40, 1, 'dot_cases', 1, '超级管理员在2016-06-03 21:19:04操作了编辑成功案例', 1, 1464959944, 2130706433),
(974, 40, 1, 'dot_cases', 1, '超级管理员在2016-06-03 21:20:54操作了编辑成功案例', 1, 1464960054, 2130706433),
(975, 40, 1, 'dot_cases', 1, '超级管理员在2016-06-03 22:07:05操作了编辑成功案例', 1, 1464962825, 2130706433),
(976, 40, 1, 'dot_cases', 1, '超级管理员在2016-06-03 22:07:38操作了编辑成功案例', 1, 1464962858, 2130706433),
(977, 40, 1, 'dot_cases', 1, '超级管理员在2016-06-03 22:12:31操作了编辑成功案例', 1, 1464963151, 2130706433),
(978, 40, 1, 'dot_cases', 1, '超级管理员在2016-06-03 22:12:49操作了编辑成功案例', 1, 1464963169, 2130706433),
(979, 40, 1, 'dot_cases', 1, '超级管理员在2016-06-03 22:12:58操作了编辑成功案例', 1, 1464963178, 2130706433),
(980, 40, 1, 'dot_cases', 1, '超级管理员在2016-06-03 22:16:35操作了编辑成功案例', 1, 1464963395, 2130706433),
(981, 40, 1, 'dot_cases', 1, '超级管理员在2016-06-03 22:38:37操作了编辑成功案例', 1, 1464964717, 2130706433),
(982, 40, 1, 'dot_cases', 1, '超级管理员在2016-06-03 22:40:00操作了编辑成功案例', 1, 1464964800, 2130706433),
(983, 40, 1, 'dot_cases', 1, '超级管理员在2016-06-03 22:45:28操作了编辑成功案例', 1, 1464965128, 2130706433),
(984, 40, 1, 'dot_cases', 1, '超级管理员在2016-06-03 22:46:11操作了编辑成功案例', 1, 1464965171, 2130706433),
(985, 39, 1, 'dot_cases', 2, '超级管理员在2016-06-03 23:00:23添加了成功案例', 1, 1464966023, 2130706433),
(986, 39, 1, 'dot_cases', 3, '超级管理员在2016-06-03 23:01:52添加了成功案例', 1, 1464966112, 2130706433),
(987, 40, 1, 'dot_cases', 3, '超级管理员在2016-06-03 23:03:36操作了编辑成功案例', 1, 1464966216, 2130706433),
(988, 40, 1, 'dot_cases', 2, '超级管理员在2016-06-03 23:03:57操作了编辑成功案例', 1, 1464966237, 2130706433),
(989, 2, 1, 'manager', 1, '超级管理员在2016-06-05 11:51:40退出了管理系统', 1, 1465098701, 2130706433),
(990, 1, 1, 'manager', 1, '超级管理员在2016-06-05 12:02:48登录了管理系统', 1, 1465099368, 2130706433),
(991, 38, 1, 'dot_category', 1, '超级管理员在2016-06-05 16:09:06操作了编辑类别', 1, 1465114146, 2130706433),
(992, 37, 1, 'dot_category', 4, '超级管理员在2016-06-05 16:26:36添加了类别', 1, 1465115196, 2130706433),
(993, 37, 1, 'dot_category', 5, '超级管理员在2016-06-05 17:07:28添加了类别', 1, 1465117648, 2130706433),
(994, 38, 1, 'dot_category', 2, '超级管理员在2016-06-05 17:07:58操作了编辑类别', 1, 1465117678, 2130706433),
(995, 38, 1, 'dot_category', 3, '超级管理员在2016-06-05 17:08:11操作了编辑类别', 1, 1465117691, 2130706433),
(996, 12, 1, 'auth_rule', 257, '超级管理员在2016-06-05 17:23:20添加了规则', 1, 1465118600, 2130706433),
(997, 12, 1, 'auth_rule', 258, '超级管理员在2016-06-05 17:23:57添加了规则', 1, 1465118637, 2130706433),
(998, 12, 1, 'auth_rule', 259, '超级管理员在2016-06-05 17:24:47添加了规则', 1, 1465118687, 2130706433),
(999, 16, 1, 'auth_rule', 259, '超级管理员在2016-06-05 17:29:18设置了控制台菜单显示状态', 1, 1465118958, 2130706433),
(1000, 41, 1, 'dot_webinfo', 1, '超级管理员在2016-06-05 17:52:28操作了网站信息编辑', 1, 1465120348, 2130706433),
(1001, 41, 1, 'dot_webinfo', 1, '超级管理员在2016-06-05 18:02:22操作了网站信息编辑', 1, 1465120942, 2130706433),
(1002, 41, 1, 'dot_webinfo', 1, '超级管理员在2016-06-05 18:05:51操作了网站信息编辑', 1, 1465121151, 2130706433),
(1003, 41, 1, 'dot_webinfo', 1, '超级管理员在2016-06-05 18:31:18操作了网站信息编辑', 1, 1465122678, 2130706433),
(1004, 13, 1, 'auth_rule', 257, '超级管理员在2016-06-06 00:19:13修改了规则', 1, 1465143553, 2130706433),
(1005, 13, 1, 'auth_rule', 259, '超级管理员在2016-06-06 00:19:37修改了规则', 1, 1465143577, 2130706433),
(1006, 12, 1, 'auth_rule', 260, '超级管理员在2016-06-06 00:22:02添加了规则', 1, 1465143722, 2130706433),
(1007, 4, 1, 'action', 42, '超级管理员在2016-06-06 00:23:06添加了行为', 1, 1465143786, 2130706433),
(1008, 41, 1, 'dot_webinfo', 1, '超级管理员在2016-06-06 00:25:16操作了网站信息编辑', 1, 1465143916, 2130706433),
(1009, 41, 1, 'dot_webinfo', 1, '超级管理员在2016-06-06 00:25:41操作了网站信息编辑', 1, 1465143941, 2130706433),
(1010, 41, 1, 'dot_webinfo', 1, '超级管理员在2016-06-06 00:27:05操作了网站信息编辑', 1, 1465144025, 2130706433),
(1011, 41, 1, 'dot_webinfo', 1, '超级管理员在2016-06-06 00:27:36操作了网站信息编辑', 1, 1465144056, 2130706433),
(1012, 41, 1, 'dot_webinfo', 1, '超级管理员在2016-06-06 00:29:53操作了网站信息编辑', 1, 1465144193, 2130706433),
(1013, 42, 1, 'dot_webinfo', 1, '超级管理员在2016-06-06 00:30:24修改了联系我们', 1, 1465144224, 2130706433),
(1014, 12, 1, 'auth_rule', 261, '超级管理员在2016-06-06 00:31:28添加了规则', 1, 1465144288, 2130706433),
(1015, 43, 1, 'dot_webinfo', 1, '超级管理员在2016-06-06 00:33:22操作了关于我们', 1, 1465144402, 2130706433),
(1016, 41, 1, 'dot_webinfo', 1, '超级管理员在2016-06-06 00:39:49操作了网站信息编辑', 1, 1465144789, 2130706433);

-- --------------------------------------------------------

--
-- 表的结构 `cy_auth_group`
--

CREATE TABLE IF NOT EXISTS `cy_auth_group` (
  `id` mediumint(8) unsigned NOT NULL,
  `title` char(100) NOT NULL DEFAULT '',
  `status` tinyint(1) NOT NULL DEFAULT '1' COMMENT '状态，1为正常，0为禁用',
  `rules` text NOT NULL,
  `describe` char(50) NOT NULL DEFAULT '',
  `create_uid` int(11) unsigned NOT NULL DEFAULT '0' COMMENT '创建者id',
  `create_time` int(11) unsigned NOT NULL DEFAULT '0' COMMENT '创建时间',
  `create_ip` bigint(11) unsigned NOT NULL DEFAULT '0' COMMENT '创建ip',
  `update_uid` int(11) unsigned NOT NULL DEFAULT '0' COMMENT '更新者id',
  `update_time` int(11) unsigned NOT NULL DEFAULT '0' COMMENT '更新时间',
  `update_ip` bigint(11) unsigned NOT NULL DEFAULT '0' COMMENT '更新ip'
) ENGINE=MyISAM AUTO_INCREMENT=19 DEFAULT CHARSET=utf8 ROW_FORMAT=DYNAMIC;

--
-- 转存表中的数据 `cy_auth_group`
--

INSERT INTO `cy_auth_group` (`id`, `title`, `status`, `rules`, `describe`, `create_uid`, `create_time`, `create_ip`, `update_uid`, `update_time`, `update_ip`) VALUES
(1, '超级管理员', 1, '', '拥有全部权限', 0, 0, 0, 0, 0, 0),
(2, '网站管理员', 1, '8,81,84,115,82,109,83,114,85,86,87,106,88,111,221,222,223,224,226,227,228', '拥有相对多的权限', 0, 0, 0, 0, 1464494559, 0),
(3, '发布人员', 1, '1,27,112,113,116,117,119', '拥有发布、修改文章的权限', 0, 0, 0, 0, 1464179291, 0),
(4, '编辑', 1, '1,27,112,113,116,117,119,2,21,23,25,26,22,28,29,30,3,31,32,33,34,35', '拥有文章模块的所有权限', 0, 0, 0, 0, 1464193535, 0),
(8, '默认组', 1, '1,27,112,113,116,117,119', '拥有一些通用的权限', 0, 0, 0, 0, 1464179321, 0),
(9, 'yctest', 1, '1,27,112,113,117,119', '', 0, 0, 0, 0, 1464270298, 0),
(10, 'ddd', 1, '1,27,112,113,116,117,119', '', 0, 0, 0, 0, 1464193499, 0),
(11, 'dddddd', 1, '1,27,112,113,116,117,119', '', 0, 0, 0, 0, 1464179382, 0),
(12, 'd3', 0, '1,113,116', '', 0, 0, 0, 0, 1464180981, 0),
(18, '超级管理员', 1, '', '', 0, 1464193346, 0, 0, 1464193346, 0);

-- --------------------------------------------------------

--
-- 表的结构 `cy_auth_group_access`
--

CREATE TABLE IF NOT EXISTS `cy_auth_group_access` (
  `uid` mediumint(8) unsigned NOT NULL,
  `group_id` mediumint(8) unsigned NOT NULL
) ENGINE=MyISAM DEFAULT CHARSET=utf8 ROW_FORMAT=DYNAMIC;

--
-- 转存表中的数据 `cy_auth_group_access`
--

INSERT INTO `cy_auth_group_access` (`uid`, `group_id`) VALUES
(2, 1),
(2, 2),
(3, 2),
(3, 8),
(4, 2),
(5, 2),
(5, 3),
(5, 4),
(5, 8),
(10, 2),
(17, 2),
(18, 2),
(19, 9),
(42, 8),
(43, 9);

-- --------------------------------------------------------

--
-- 表的结构 `cy_auth_rule`
--

CREATE TABLE IF NOT EXISTS `cy_auth_rule` (
  `id` mediumint(8) unsigned NOT NULL,
  `pid` mediumint(8) unsigned NOT NULL DEFAULT '0' COMMENT '父级id',
  `name` char(80) NOT NULL DEFAULT '',
  `title` char(20) NOT NULL DEFAULT '',
  `url` char(255) DEFAULT NULL COMMENT 'url地址，默认为null，当为null时使用方法调用name',
  `condition` char(100) NOT NULL DEFAULT '',
  `controller` tinyint(1) NOT NULL DEFAULT '0' COMMENT '是否是控制器，0不是，1是',
  `instantiation` tinyint(1) NOT NULL DEFAULT '0' COMMENT '是否需要实例化，0为不需要，1为需要',
  `auth` tinyint(1) NOT NULL DEFAULT '1' COMMENT '是否需要权限验证，1为需要，0为不需要',
  `type` tinyint(1) NOT NULL DEFAULT '1',
  `status` tinyint(1) NOT NULL DEFAULT '1' COMMENT '状态，1为正常，0为禁用',
  `isnavshow` tinyint(1) NOT NULL DEFAULT '1' COMMENT '是否显示导航，0为隐藏，1为显示',
  `icon` char(40) NOT NULL COMMENT '图标',
  `sort` smallint(6) NOT NULL DEFAULT '100' COMMENT '排序，越大越往后',
  `create_time` int(11) NOT NULL COMMENT '添加时间',
  `update_time` int(11) NOT NULL COMMENT '修改时间'
) ENGINE=InnoDB AUTO_INCREMENT=262 DEFAULT CHARSET=utf8 ROW_FORMAT=DYNAMIC;

--
-- 转存表中的数据 `cy_auth_rule`
--

INSERT INTO `cy_auth_rule` (`id`, `pid`, `name`, `title`, `url`, `condition`, `controller`, `instantiation`, `auth`, `type`, `status`, `isnavshow`, `icon`, `sort`, `create_time`, `update_time`) VALUES
(1, 0, 'index', '控制台', 'index/index', '', 1, 0, 0, 1, 1, 1, 'fa-home', 0, 0, 1464872157),
(2, 0, 'Product', '产品管理', NULL, '', 1, 1, 1, 1, 1, 0, 'fa-product-hunt', 100, 0, 1464090970),
(3, 0, 'order', '订单管理', NULL, '', 1, 0, 1, 1, 1, 0, 'fa-home', 100, 0, 1464090980),
(4, 0, 'Business', '商家管理', NULL, '', 1, 1, 1, 1, 1, 0, 'fa-reorder', 100, 0, 0),
(5, 0, 'Content', '内容管理', NULL, '', 0, 1, 1, 1, 1, 0, 'fa-list-alt', 100, 0, 1464090964),
(6, 0, 'Member', '会员管理', NULL, '', 1, 1, 1, 1, 1, 0, 'fa-home', 100, 0, 1464090947),
(7, 0, 'auth', '权限管理', 'authRule/index', '', 0, 0, 1, 1, 1, 1, 'fa-random', 100, 0, 1464352426),
(8, 0, 'System', '系统管理', '', '', 0, 0, 1, 1, 1, 1, 'fa-gears', 101, 0, 1464872339),
(21, 2, 'product/list', '产品管理', NULL, '', 0, 0, 1, 1, 1, 1, '', 100, 0, 1463324726),
(22, 2, 'Examine', '审核管理', NULL, '', 0, 0, 1, 1, 1, 1, '', 100, 0, 0),
(23, 21, 'Scenery', '旅游线路管理', NULL, '', 0, 0, 1, 1, 1, 1, '', 100, 0, 1463324763),
(24, 21, 'Hotel', '酒店管理', NULL, '', 0, 0, 1, 1, 1, 1, '', 100, 0, 1463324772),
(25, 21, 'Travelticket', '景区门票', NULL, '', 0, 0, 1, 1, 1, 1, '', 100, 0, 1463324777),
(26, 21, 'Group', '休闲美食', NULL, '', 0, 0, 1, 1, 1, 1, '', 100, 0, 1463324787),
(27, 1, 'index/index', '控制台首页', NULL, '', 0, 0, 0, 1, 1, 1, '', 99, 0, 1463325041),
(28, 22, 'Hotel/hotelListt', '酒店审核', NULL, '', 0, 0, 1, 1, 1, 1, '', 100, 0, 0),
(29, 22, 'TravelTicket/ticketListt', '景区门票审核', NULL, '', 0, 0, 1, 1, 1, 1, '', 100, 0, 0),
(30, 22, 'Group/indexx', '美食审核', NULL, '', 0, 0, 1, 1, 1, 1, '', 100, 0, 0),
(31, 3, 'order/index', '旅游路线订单列表', NULL, '', 0, 0, 1, 1, 1, 1, '', 100, 0, 0),
(32, 31, 'order/index2', '酒店订单列表', NULL, '', 0, 0, 1, 1, 1, 1, '', 100, 0, 0),
(33, 3, 'order/index3', '景区门票订单列表', NULL, '', 0, 0, 1, 1, 1, 1, '', 100, 0, 0),
(34, 33, 'order/index4', '休闲美食订单列表', NULL, '', 0, 0, 1, 1, 1, 1, '', 100, 0, 0),
(35, 33, 'order/index5', '旅游路线订单列表', NULL, '', 0, 0, 1, 1, 1, 1, '', 100, 0, 0),
(52, 5, 'Message', '留言管理', NULL, '', 0, 0, 1, 1, 1, 1, '', 100, 0, 0),
(53, 5, 'Message/messagelist', '留言列表', NULL, '', 0, 0, 1, 1, 1, 0, '', 100, 0, 0),
(54, 5, 'Ad', '广告管理', NULL, '', 0, 0, 1, 1, 1, 1, '', 100, 0, 0),
(61, 6, 'Member/mg', '会员设置', NULL, '', 0, 0, 1, 1, 1, 0, '', 100, 0, 1463666413),
(62, 61, 'Member/index', '会员列表', NULL, '', 0, 0, 1, 1, 1, 1, '', 100, 0, 0),
(71, 7, 'manager/index', '管理员管理', NULL, '', 0, 0, 1, 1, 1, 1, '', 100, 0, 0),
(72, 7, 'authRule/index', '规则管理', NULL, '', 0, 0, 1, 1, 1, 1, '', 100, 0, 1462501796),
(73, 72, 'authRule/list', '规则列表', NULL, '', 0, 0, 1, 1, 1, 1, '', 100, 0, 1462499019),
(74, 72, 'authRule/add', '添加规则', NULL, '', 0, 0, 1, 1, 1, 1, '', 100, 0, 1462501823),
(75, 72, 'authRule/edit', '编辑规则', NULL, '', 0, 0, 1, 1, 1, 0, '', 100, 0, 1462703587),
(76, 72, 'authRule/del', '删除规则', NULL, '', 0, 0, 1, 1, 1, 0, '', 100, 0, 1463664638),
(77, 71, 'manager/list', '管理员列表', NULL, '', 0, 0, 1, 1, 1, 1, '', 100, 0, 0),
(78, 71, 'manager/add', '添加管理员', NULL, '', 0, 0, 1, 1, 1, 1, '', 100, 0, 1463210795),
(79, 71, 'Manager/edit', '编辑管理员', NULL, '', 0, 0, 1, 1, 1, 0, '', 100, 0, 0),
(80, 71, 'manager/log', '管理员日志', NULL, '', 0, 0, 1, 1, 1, 1, '', 100, 0, 1462807107),
(81, 8, 'cache/index', '缓存管理', NULL, '', 1, 0, 1, 1, 1, 1, '', 100, 0, 1448439593),
(82, 8, 'MobileCode', '短信管理', NULL, '', 0, 0, 1, 1, 1, 0, '', 100, 0, 1464091058),
(83, 8, 'Backup', '数据库管理', NULL, '', 1, 0, 1, 1, 1, 1, '', 100, 0, 1448439961),
(84, 81, 'cache/cache', '更新缓存', NULL, '', 0, 0, 1, 1, 1, 1, '', 100, 0, 0),
(85, 8, 'Visitcount', '访问统计', NULL, '', 1, 1, 1, 1, 1, 0, '', 100, 0, 1464091046),
(86, 85, 'Visitcount/index', '访问概况', NULL, '', 0, 0, 1, 1, 1, 1, '', 100, 0, 0),
(87, 85, 'Visitcount/today', '今日访问排行', NULL, '', 0, 0, 1, 1, 1, 1, '', 100, 0, 0),
(88, 8, 'Pay', '支付设置', NULL, '', 1, 0, 1, 1, 1, 0, '', 100, 0, 1464091070),
(91, 0, 'Other', '未归类', NULL, '', 0, 0, 1, 1, 1, 0, '', 100, 1448010613, 1448021414),
(101, 7, 'authGroup/index', '角色管理', NULL, '', 0, 0, 1, 1, 1, 1, '', 100, 0, 1463295248),
(102, 101, 'AuthGroup/add', '角色添加', NULL, '', 0, 0, 1, 1, 1, 1, '', 100, 0, 1462695304),
(103, 101, 'AuthGroup/edit', '角色编辑', NULL, '', 0, 0, 1, 1, 1, 0, '', 100, 0, 0),
(104, 101, 'AuthGroup/del', '角色删除', NULL, '', 0, 0, 1, 1, 1, 0, '', 100, 0, 0),
(105, 101, 'AuthGroup/rule', '分配权限', NULL, '', 0, 0, 1, 1, 1, 0, '', 100, 0, 1463295488),
(106, 85, 'Visitcount/latest', '实时访客', NULL, '', 0, 0, 1, 1, 1, 1, '', 100, 0, 0),
(107, 7, 'action/index', '行为管理', NULL, '', 0, 0, 1, 1, 1, 1, '', 100, 0, 0),
(108, 107, 'action/list', '用户行为', NULL, '', 0, 0, 1, 1, 1, 1, '', 100, 0, 0),
(109, 82, 'action', '行为管理控制器', NULL, '', 0, 0, 1, 1, 1, 0, '', 100, 0, 0),
(110, 107, 'actionLog/list', '行为日志', NULL, '', 0, 0, 1, 1, 1, 1, '', 101, 1448348339, 1462807148),
(111, 88, 'Pay/chinabanck', '网银在线设置', NULL, '', 0, 0, 1, 1, 1, 1, '', 100, 1448348382, 0),
(112, 1, 'index/index111', '首页控制器', NULL, '', 0, 0, 0, 1, 1, 0, '', 100, 1448369860, 1464618135),
(113, 1, 'index/copyright', '系统信息', NULL, '', 0, 0, 0, 1, 1, 1, '', 100, 1448369952, 1464270431),
(114, 83, 'Backup/index', '数据库', NULL, '', 0, 1, 1, 1, 1, 1, '', 100, 1448437926, 1448437978),
(115, 81, 'cache/update', '更新缓存操作', NULL, '', 0, 0, 1, 1, 1, 0, '', 100, 1448439236, 1463209728),
(116, 1, 'manager/info', '修改个人信息', NULL, '', 0, 0, 0, 1, 1, 1, '', 100, 1448593741, 1464270365),
(117, 1, 'manager/password', '修改密码', NULL, '', 0, 0, 0, 1, 1, 1, '', 100, 1448594855, 1464270384),
(118, 71, 'ManagerActionLog', '管理员日志控制器', NULL, '', 1, 1, 1, 1, 1, 0, '', 100, 1450409832, 1450409935),
(119, 1, 'ManagerActionLog/index', '管理员日志121', '', '', 1, 0, 1, 1, 1, 0, '', 100, 1450409970, 1464406648),
(152, 107, 'action/add', '添加行为', NULL, '', 0, 0, 1, 1, 1, 1, '', 100, 0, 1462705905),
(153, 107, 'action/edit', '修改行为', NULL, '', 0, 0, 1, 1, 1, 0, '', 100, 0, 1462727351),
(204, 101, 'authGroup/list', '角色列表', NULL, '', 0, 0, 1, 1, 1, 1, '', 99, 1462695390, 1462702804),
(218, 71, 'manager/disable', '禁用用户', NULL, '', 0, 0, 1, 1, 1, 0, '', 100, 1463234283, 0),
(219, 72, 'authRule/updateshow', '设置是否在控制台菜单显示', NULL, '', 0, 0, 1, 1, 1, 0, '', 100, 1463288822, 1463664833),
(220, 72, 'authRule/updateauth', '设置验证状态', NULL, '', 0, 0, 1, 1, 1, 0, '', 100, 1463289399, 1463664807),
(221, 8, 'category/index', '类别管理', NULL, '', 0, 0, 1, 1, 1, 1, '', 100, 1463657943, 1463664211),
(222, 221, 'category', '类别管理控制器', NULL, '', 1, 1, 1, 1, 1, 0, '', 100, 1463658455, 1463928165),
(223, 221, 'category/list', '类别列表', NULL, '', 0, 0, 1, 1, 1, 1, '', 100, 1463659472, 1464015124),
(224, 221, 'category/add', '添加类别', NULL, '', 0, 0, 1, 1, 1, 1, '', 100, 1463662072, 1463928396),
(225, 72, 'authRule/disable', '设置规则状态', NULL, '', 0, 0, 1, 1, 1, 0, '', 100, 1463664692, 1463664692),
(226, 221, 'category/edit', '编辑类别', NULL, '', 0, 0, 1, 1, 1, 0, '', 100, 1463664960, 1463928439),
(227, 221, 'category/status', '设置类别状态', NULL, '', 0, 0, 1, 1, 1, 0, '', 100, 1463666434, 1464015335),
(228, 221, 'category/updateshow', '设置类别显示状态', NULL, '', 0, 0, 1, 1, 1, 0, '', 100, 1463928513, 1464015321),
(229, 8, 'developer/index', '开发管理', '', '', 0, 0, 1, 1, 1, 1, '', 100, 1464406829, 1464406829),
(230, 229, 'developer', '开发管理控制器', '', '', 1, 1, 1, 1, 1, 0, '', 100, 1464406877, 1464406877),
(231, 229, 'developer/list', '开发日志列表', '', '', 0, 0, 1, 1, 1, 1, '', 100, 1464406930, 1464410819),
(232, 229, 'developer/add', '添加开发日志', '', '', 0, 0, 1, 1, 1, 1, '', 100, 1464406968, 1464406968),
(233, 229, 'developer/edit', '编辑开发日志', '', '', 0, 0, 1, 1, 1, 0, '', 100, 1464406994, 1464406994),
(234, 229, 'developer/view', '查看开发日志', '', '', 0, 0, 1, 1, 1, 0, '', 100, 1464410488, 1464410488),
(235, 0, 'app/index', '应用管理', '', '', 0, 0, 1, 1, 1, 1, '', 100, 1464871706, 1464871706),
(236, 235, 'app', '应用管理控制器', '', '', 1, 1, 1, 1, 1, 0, '', 100, 1464871925, 1464871925),
(237, 235, 'app/list', '应用列表', '', '', 0, 0, 1, 1, 1, 1, '', 100, 1464872476, 1464872476),
(238, 235, 'app/add', '添加应用', '', '', 0, 0, 1, 1, 1, 1, '', 100, 1464872491, 1464872491),
(239, 235, 'app/edit', '编辑应用', '', '', 0, 0, 1, 1, 1, 0, '', 100, 1464872528, 1464872711),
(240, 235, 'app/updatestatus', '更新应用状态', '', '', 0, 0, 1, 1, 1, 0, '', 100, 1464872689, 1464872689),
(241, 0, 'dot/index', '圆点管理', '', '', 0, 0, 1, 1, 1, 1, '', 100, 1464954420, 1464954420),
(242, 241, 'dotMenu/index', '菜单管理', '', '', 0, 0, 1, 1, 1, 1, '', 100, 1464955794, 1464955794),
(243, 242, 'dotMenu', '菜单管理控制器', '', '', 1, 1, 1, 1, 1, 0, '', 100, 1464955842, 1464955842),
(244, 242, 'dotMenu/list', '菜单列表', '', '', 0, 0, 1, 1, 1, 1, '', 100, 1464955909, 1464955909),
(245, 242, 'dotMenu/add', '添加菜单', '', '', 0, 0, 1, 1, 1, 1, '', 100, 1464955953, 1464955953),
(246, 242, 'dotMenu/edit', '编辑菜单', '', '', 0, 0, 1, 1, 1, 0, '', 100, 1464956182, 1464956248),
(247, 241, 'dotCategory/index', '类别管理', '', '', 0, 0, 1, 1, 1, 1, '', 100, 1464957069, 1464957069),
(248, 247, 'dotCategory', '类别管理控制器', '', '', 1, 1, 1, 1, 1, 0, '', 100, 1464957129, 1464957129),
(249, 247, 'dotCategory/list', '类别列表', '', '', 0, 0, 1, 1, 1, 1, '', 100, 1464957175, 1464957175),
(250, 247, 'dotCategory/add', '添加类别', '', '', 0, 0, 1, 1, 1, 1, '', 100, 1464957208, 1464957208),
(251, 247, 'dotCategory/edit', '编辑类别', '', '', 0, 0, 1, 1, 1, 0, '', 100, 1464957306, 1464957306),
(252, 241, 'dotCases/index', '成功案例管理', '', '', 0, 0, 1, 1, 1, 1, '', 100, 1464957377, 1464957377),
(253, 252, 'dotCases', '成功案例控制器', '', '', 1, 1, 1, 1, 1, 0, '', 100, 1464957416, 1464957416),
(254, 252, 'dotCases/list', '成功案例列表', '', '', 0, 0, 1, 1, 1, 1, '', 100, 1464957447, 1464957447),
(255, 252, 'dotCases/add', '添加成功案例', '', '', 0, 0, 1, 1, 1, 1, '', 100, 1464957469, 1464957469),
(256, 252, 'dotCases/edit', '编辑成功案例', '', '', 0, 0, 1, 1, 1, 0, '', 100, 1464957544, 1464957586),
(257, 241, 'dotWebinfo/index', '网站管理', '', '', 0, 0, 1, 1, 1, 1, '', 100, 1465118599, 1465143553),
(258, 257, 'dotWebinfo', '网站信息管理控制器', '', '', 1, 1, 1, 1, 1, 0, '', 100, 1465118637, 1465118637),
(259, 257, 'dotWebinfo/edit', '网站设置', '', '', 0, 0, 1, 1, 1, 1, '', 100, 1465118687, 1465143577),
(260, 257, 'dotWebinfo/link', '联系我们设置', '', '', 0, 0, 1, 1, 1, 1, '', 100, 1465143721, 1465143721),
(261, 257, 'dotWebinfo/about', '关于我们', '', '', 0, 0, 1, 1, 1, 1, '', 100, 1465144287, 1465144287);

-- --------------------------------------------------------

--
-- 表的结构 `cy_category`
--

CREATE TABLE IF NOT EXISTS `cy_category` (
  `id` int(11) NOT NULL COMMENT '自增id',
  `pid` int(11) unsigned NOT NULL DEFAULT '0' COMMENT '父级id',
  `name` varchar(64) NOT NULL COMMENT '唯一标识',
  `title` varchar(64) NOT NULL COMMENT '标题',
  `url` varchar(128) NOT NULL COMMENT 'url地址',
  `status` tinyint(2) NOT NULL DEFAULT '1' COMMENT '状态，1为正常，0为禁用',
  `show_status` tinyint(2) NOT NULL DEFAULT '1' COMMENT '是否显示，1为显示，0为不显示',
  `sort` smallint(100) NOT NULL DEFAULT '100' COMMENT '排序',
  `create_uid` int(11) unsigned NOT NULL DEFAULT '0' COMMENT '创建者id',
  `create_time` int(11) unsigned NOT NULL DEFAULT '0' COMMENT '创建时间',
  `create_ip` bigint(11) unsigned NOT NULL DEFAULT '0' COMMENT '创建ip',
  `update_uid` int(11) unsigned NOT NULL DEFAULT '0' COMMENT '更新者id',
  `update_time` int(11) unsigned NOT NULL DEFAULT '0' COMMENT '更新时间',
  `update_ip` bigint(11) unsigned NOT NULL DEFAULT '0' COMMENT '更新ip',
  `delete_status` tinyint(2) NOT NULL DEFAULT '1' COMMENT '是否删除，0为删除，1为正常',
  `delete_uid` int(11) unsigned NOT NULL DEFAULT '0' COMMENT '删除者id',
  `delete_time` int(11) unsigned NOT NULL DEFAULT '0' COMMENT '删除时间',
  `delete_ip` bigint(11) unsigned NOT NULL DEFAULT '0' COMMENT '删除ip',
  `remark` char(128) NOT NULL COMMENT '备注'
) ENGINE=MyISAM AUTO_INCREMENT=2 DEFAULT CHARSET=utf8 COMMENT='类别表';

--
-- 转存表中的数据 `cy_category`
--

INSERT INTO `cy_category` (`id`, `pid`, `name`, `title`, `url`, `status`, `show_status`, `sort`, `create_uid`, `create_time`, `create_ip`, `update_uid`, `update_time`, `update_ip`, `delete_status`, `delete_uid`, `delete_time`, `delete_ip`, `remark`) VALUES
(1, 0, 'news', '新闻', '', 1, 1, 100, 1, 1464014523, 2130706433, 1, 1464874095, 2130706433, 1, 0, 0, 0, '');

-- --------------------------------------------------------

--
-- 表的结构 `cy_developer`
--

CREATE TABLE IF NOT EXISTS `cy_developer` (
  `id` int(11) NOT NULL COMMENT '自增id',
  `title` varchar(128) NOT NULL COMMENT '标题',
  `content` text NOT NULL COMMENT '内容',
  `status` tinyint(2) unsigned NOT NULL DEFAULT '1' COMMENT '状态，1为正常，0为禁用',
  `create_uid` int(11) unsigned NOT NULL DEFAULT '0' COMMENT '创建者id',
  `create_time` int(11) unsigned NOT NULL DEFAULT '0' COMMENT '创建时间',
  `create_ip` bigint(11) unsigned NOT NULL DEFAULT '0' COMMENT '创建ip',
  `update_uid` int(11) unsigned DEFAULT '0' COMMENT '更新者id',
  `update_time` int(11) unsigned NOT NULL DEFAULT '0' COMMENT '更新时间',
  `update_ip` bigint(11) unsigned NOT NULL DEFAULT '0' COMMENT '更新ip',
  `delete_status` tinyint(2) unsigned NOT NULL DEFAULT '1' COMMENT '删除状态',
  `delete_uid` int(11) unsigned NOT NULL DEFAULT '0' COMMENT '删除操作者id',
  `delete_time` int(11) unsigned NOT NULL DEFAULT '0' COMMENT '删除操作时间',
  `delete_ip` bigint(11) unsigned NOT NULL DEFAULT '0' COMMENT '删除操作ip'
) ENGINE=MyISAM AUTO_INCREMENT=2 DEFAULT CHARSET=utf8;

--
-- 转存表中的数据 `cy_developer`
--

INSERT INTO `cy_developer` (`id`, `title`, `content`, `status`, `create_uid`, `create_time`, `create_ip`, `update_uid`, `update_time`, `update_ip`, `delete_status`, `delete_uid`, `delete_time`, `delete_ip`) VALUES
(1, '添加开发日志功能-开发日志[20160528]', '<p>&nbsp;&nbsp;&nbsp;&nbsp;想记录着些什么，可不知道从哪里开始记录，一直想把这开发的过程记录起来，所以今天添加了开发日志的功能，用以来记录这一路走来的点点滴滴。<br/></p><p>&nbsp;&nbsp;&nbsp;&nbsp;随着 thinkphp 5 的不段完善，想着用新版本的框架来做一个东西，所以一开始就跟着官方在进步，每一次更新框架都是一个考验，当把新版本的框架更新完之后，再到程序里去运行，每一次都希望自己的东西在新版本的框架里运行时不会出现什么问题，当然，这过程也遇到过很多的报错，所以说每一次更新框架都是需要很大的勇气，但是又不得不更新，因为只能跟着官方走，官方的框架也在一步一步的完善。<br/></p><p>&nbsp;&nbsp;&nbsp;&nbsp;当然，有时候也傻逼傻逼地向官方反馈些根本不是错误的错误，全是自己不理解开发文档的错，但也不免会有些是bug，只是自己不知道罢了，半路出家，学业不精，只能这样的。<br/></p><p>&nbsp;&nbsp;&nbsp;&nbsp;好吧，时间也不早了，废话了一大堆，该记记今天的日志了。<br/></p><p>&nbsp;&nbsp;&nbsp;&nbsp;这是第一篇开发日志，因为开发日志记录功能才刚刚完善，此时的版本升级到了0.8<br/></p><p><br/></p><p>[20160528]</p><p>一、新增</p><ol><li><p>开发日志，这就不用说了</p></li><li><p>新增了developer表<br/></p></li><li><p>新增了ueditor编辑器</p></li></ol><p><br/></p><p>二、更新</p><ol><li><p>更新了基本模板</p></li><li><p>更新了缓存操作</p></li><li><p>更新了侧边栏</p></li></ol><p><br/></p><p>&nbsp;&nbsp;&nbsp;&nbsp;第一每写开发日志，写着写着就想不起来这一天以来都做了些什么，只知道做了很多的东西，可真正到写的时候全部都忘得一干二净，脑海里什么都没有，好吧，就这样。<br/></p><p>&nbsp;&nbsp;&nbsp;&nbsp;晚安。<br/></p><p>&nbsp;&nbsp;&nbsp;&nbsp;晚安，宝贝。<br/></p>', 1, 1, 1464453027, 2130706433, 1, 1464504470, 2130706433, 1, 0, 0, 0);

-- --------------------------------------------------------

--
-- 表的结构 `cy_dot_cases`
--

CREATE TABLE IF NOT EXISTS `cy_dot_cases` (
  `id` int(11) NOT NULL COMMENT '自增id',
  `c_id` int(11) NOT NULL DEFAULT '0' COMMENT '分类id',
  `title` char(64) COLLATE utf8_unicode_ci NOT NULL COMMENT '标题',
  `content` text COLLATE utf8_unicode_ci NOT NULL COMMENT '内容',
  `show_img` char(128) COLLATE utf8_unicode_ci NOT NULL COMMENT '展示图片',
  `status` tinyint(2) unsigned NOT NULL DEFAULT '1' COMMENT '状态，1为正常，0为禁用',
  `create_uid` int(11) unsigned NOT NULL DEFAULT '0' COMMENT '创建者id',
  `create_time` int(11) unsigned NOT NULL DEFAULT '0' COMMENT '创建时间',
  `create_ip` bigint(11) unsigned NOT NULL DEFAULT '0' COMMENT '创建ip',
  `update_uid` int(11) unsigned DEFAULT '0' COMMENT '更新者id',
  `update_time` int(11) unsigned NOT NULL DEFAULT '0' COMMENT '更新时间',
  `update_ip` bigint(11) unsigned NOT NULL DEFAULT '0' COMMENT '更新ip',
  `delete_status` tinyint(2) unsigned NOT NULL DEFAULT '1' COMMENT '删除状态',
  `delete_uid` int(11) unsigned NOT NULL DEFAULT '0' COMMENT '删除操作者id',
  `delete_time` int(11) unsigned NOT NULL DEFAULT '0' COMMENT '删除操作时间',
  `delete_ip` bigint(11) unsigned NOT NULL DEFAULT '0' COMMENT '删除操作ip'
) ENGINE=MyISAM AUTO_INCREMENT=4 DEFAULT CHARSET=utf8 COLLATE=utf8_unicode_ci;

--
-- 转存表中的数据 `cy_dot_cases`
--

INSERT INTO `cy_dot_cases` (`id`, `c_id`, `title`, `content`, `show_img`, `status`, `create_uid`, `create_time`, `create_ip`, `update_uid`, `update_time`, `update_ip`, `delete_status`, `delete_uid`, `delete_time`, `delete_ip`) VALUES
(1, 0, '成功案例1', '<p style="text-align: center;"><br/></p><p style="text-align: left;"><br/></p><p><br/></p><p><br/></p><p style="text-align: left;"><br/></p><p style="text-align: left;">成功案例1成功案例1成功案例1成功案例1</p><ol class=" list-paddingleft-2"><li><p>fad fad&nbsp;</p></li><li><p>fda f&nbsp;</p></li><li><p>dfs fds&nbsp;</p></li><li><p>dsf adsf&nbsp;</p></li><li><p>df ads&nbsp;</p></li><li><p>fd fd fads&nbsp;<br/></p></li></ol>', '', 1, 1, 1464957607, 2130706433, 1, 1464965170, 2130706433, 1, 0, 0, 0),
(2, 0, '成功案例2', '<p><br/></p><p><img src="http://127.0.0.1:89/data/image/20160603/1464966019056681500.png" title="1464966019056681500.png"/></p><p><br/></p>', '', 1, 1, 1464966023, 2130706433, 1, 1464966237, 2130706433, 1, 0, 0, 0),
(3, 0, '添加行为魂牵梦萦f', '<p><img src="http://127.0.0.1:89/data/image/20160603/1464966213017275000.jpg" title="1464966213017275000.jpg"/></p><p><img src="http://127.0.0.1:89/data/image/20160603/1464966213069914400.jpg" title="1464966213069914400.jpg"/></p><p>添加行为魂牵梦萦f添加行为魂牵梦萦f添加行为魂牵梦萦f添加行为魂牵梦萦f添加行为魂牵梦萦f添加行为魂牵梦萦f添加行为魂牵梦萦f添加行为魂牵梦萦f添加行为魂牵梦萦f添加行为魂牵梦萦f添加行为魂牵梦萦f添加行为魂牵梦萦f添加行为魂牵梦萦f添加行为魂牵梦萦f</p>', '', 1, 1, 1464966112, 2130706433, 1, 1464966216, 2130706433, 1, 0, 0, 0);

-- --------------------------------------------------------

--
-- 表的结构 `cy_dot_category`
--

CREATE TABLE IF NOT EXISTS `cy_dot_category` (
  `id` int(11) NOT NULL COMMENT '自增id',
  `pid` int(11) NOT NULL DEFAULT '0' COMMENT '父级id',
  `name` char(64) COLLATE utf8_unicode_ci NOT NULL COMMENT '唯一标识',
  `title` char(64) COLLATE utf8_unicode_ci NOT NULL COMMENT '标题',
  `url` char(255) COLLATE utf8_unicode_ci NOT NULL COMMENT 'url地址',
  `status` tinyint(2) unsigned NOT NULL DEFAULT '1' COMMENT '状态，1为正常，0为禁用',
  `create_uid` int(11) unsigned NOT NULL DEFAULT '0' COMMENT '创建者id',
  `create_time` int(11) unsigned NOT NULL DEFAULT '0' COMMENT '创建时间',
  `create_ip` bigint(11) unsigned NOT NULL DEFAULT '0' COMMENT '创建ip',
  `update_uid` int(11) unsigned DEFAULT '0' COMMENT '更新者id',
  `update_time` int(11) unsigned NOT NULL DEFAULT '0' COMMENT '更新时间',
  `update_ip` bigint(11) unsigned NOT NULL DEFAULT '0' COMMENT '更新ip',
  `delete_status` tinyint(2) unsigned NOT NULL DEFAULT '1' COMMENT '删除状态',
  `delete_uid` int(11) unsigned NOT NULL DEFAULT '0' COMMENT '删除操作者id',
  `delete_time` int(11) unsigned NOT NULL DEFAULT '0' COMMENT '删除操作时间',
  `delete_ip` bigint(11) unsigned NOT NULL DEFAULT '0' COMMENT '删除操作ip'
) ENGINE=MyISAM AUTO_INCREMENT=6 DEFAULT CHARSET=utf8 COLLATE=utf8_unicode_ci;

--
-- 转存表中的数据 `cy_dot_category`
--

INSERT INTO `cy_dot_category` (`id`, `pid`, `name`, `title`, `url`, `status`, `create_uid`, `create_time`, `create_ip`, `update_uid`, `update_time`, `update_ip`, `delete_status`, `delete_uid`, `delete_time`, `delete_ip`) VALUES
(1, 0, '', '广告牌', '', 1, 0, 0, 0, 1, 1465114146, 2130706433, 1, 0, 0, 0),
(2, 0, '', '广告灯箱', '', 1, 0, 0, 0, 1, 1465117677, 2130706433, 1, 0, 0, 0),
(3, 0, '', '广告安装', '', 1, 0, 0, 0, 1, 1465117691, 2130706433, 1, 0, 0, 0),
(4, 1, '', '导视牌', '', 1, 1, 1465115196, 2130706433, 0, 1465115196, 0, 1, 0, 0, 0),
(5, 1, '', '标识.标牌', '', 1, 1, 1465117647, 2130706433, 0, 1465117647, 0, 1, 0, 0, 0);

-- --------------------------------------------------------

--
-- 表的结构 `cy_dot_menu`
--

CREATE TABLE IF NOT EXISTS `cy_dot_menu` (
  `id` int(11) NOT NULL COMMENT '自增id',
  `pid` int(11) NOT NULL DEFAULT '0' COMMENT '父级id',
  `name` char(64) COLLATE utf8_unicode_ci NOT NULL COMMENT '唯一标识',
  `title` char(64) COLLATE utf8_unicode_ci NOT NULL COMMENT '标题',
  `url` char(255) COLLATE utf8_unicode_ci NOT NULL COMMENT 'url地址',
  `sort` tinyint(3) unsigned NOT NULL DEFAULT '100' COMMENT '排序',
  `status` tinyint(2) unsigned NOT NULL DEFAULT '1' COMMENT '状态，1为正常，0为禁用',
  `create_uid` int(11) unsigned NOT NULL DEFAULT '0' COMMENT '创建者id',
  `create_time` int(11) unsigned NOT NULL DEFAULT '0' COMMENT '创建时间',
  `create_ip` bigint(11) unsigned NOT NULL DEFAULT '0' COMMENT '创建ip',
  `update_uid` int(11) unsigned DEFAULT '0' COMMENT '更新者id',
  `update_time` int(11) unsigned NOT NULL DEFAULT '0' COMMENT '更新时间',
  `update_ip` bigint(11) unsigned NOT NULL DEFAULT '0' COMMENT '更新ip',
  `delete_status` tinyint(2) unsigned NOT NULL DEFAULT '1' COMMENT '删除状态',
  `delete_uid` int(11) unsigned NOT NULL DEFAULT '0' COMMENT '删除操作者id',
  `delete_time` int(11) unsigned NOT NULL DEFAULT '0' COMMENT '删除操作时间',
  `delete_ip` bigint(11) unsigned NOT NULL DEFAULT '0' COMMENT '删除操作ip'
) ENGINE=MyISAM AUTO_INCREMENT=4 DEFAULT CHARSET=utf8 COLLATE=utf8_unicode_ci;

--
-- 转存表中的数据 `cy_dot_menu`
--

INSERT INTO `cy_dot_menu` (`id`, `pid`, `name`, `title`, `url`, `sort`, `status`, `create_uid`, `create_time`, `create_ip`, `update_uid`, `update_time`, `update_ip`, `delete_status`, `delete_uid`, `delete_time`, `delete_ip`) VALUES
(1, 0, 'case/index', '成功案例', '', 100, 1, 0, 0, 0, 1, 1464956672, 2130706433, 1, 0, 0, 0),
(2, 0, '', '关于我们', '', 100, 1, 0, 0, 0, 0, 0, 0, 1, 0, 0, 0),
(3, 0, '', '联系我们', '', 100, 1, 0, 0, 0, 0, 0, 0, 1, 0, 0, 0);

-- --------------------------------------------------------

--
-- 表的结构 `cy_dot_slide`
--

CREATE TABLE IF NOT EXISTS `cy_dot_slide` (
  `id` int(11) NOT NULL COMMENT '自增id',
  `title` char(128) NOT NULL COMMENT '名称',
  `url` char(128) NOT NULL,
  `type` tinyint(2) NOT NULL DEFAULT '1' COMMENT '类型',
  `status` tinyint(2) unsigned NOT NULL DEFAULT '1' COMMENT '状态，1为正常，0为禁用',
  `create_uid` int(11) unsigned NOT NULL DEFAULT '0' COMMENT '创建者id',
  `create_time` int(11) unsigned NOT NULL DEFAULT '0' COMMENT '创建时间',
  `create_ip` bigint(11) unsigned NOT NULL DEFAULT '0' COMMENT '创建ip',
  `update_uid` int(11) unsigned DEFAULT '0' COMMENT '更新者id',
  `update_time` int(11) unsigned NOT NULL DEFAULT '0' COMMENT '更新时间',
  `update_ip` bigint(11) unsigned NOT NULL DEFAULT '0' COMMENT '更新ip',
  `delete_status` tinyint(2) unsigned NOT NULL DEFAULT '1' COMMENT '删除状态',
  `delete_uid` int(11) unsigned NOT NULL DEFAULT '0' COMMENT '删除操作者id',
  `delete_time` int(11) unsigned NOT NULL DEFAULT '0' COMMENT '删除操作时间',
  `delete_ip` bigint(11) unsigned NOT NULL DEFAULT '0' COMMENT '删除操作ip'
) ENGINE=MyISAM DEFAULT CHARSET=utf8;

-- --------------------------------------------------------

--
-- 表的结构 `cy_dot_webinfo`
--

CREATE TABLE IF NOT EXISTS `cy_dot_webinfo` (
  `id` int(11) NOT NULL COMMENT '自增id',
  `title` char(128) NOT NULL COMMENT '网站名称',
  `keywords` char(128) NOT NULL COMMENT '关键字',
  `description` varchar(256) NOT NULL COMMENT '描述',
  `record` char(32) NOT NULL COMMENT '备案号',
  `statistical` varchar(256) NOT NULL COMMENT '统计代码',
  `address` varchar(256) NOT NULL COMMENT '地址',
  `telephone` char(64) NOT NULL COMMENT '电话',
  `email` char(64) NOT NULL COMMENT '邮箱',
  `qq` char(64) NOT NULL COMMENT 'QQ',
  `about` text NOT NULL COMMENT '关于我们',
  `status` tinyint(2) unsigned NOT NULL DEFAULT '1' COMMENT '状态，1为正常，0为禁用',
  `create_uid` int(11) unsigned NOT NULL DEFAULT '0' COMMENT '创建者id',
  `create_time` int(11) unsigned NOT NULL DEFAULT '0' COMMENT '创建时间',
  `create_ip` bigint(11) unsigned NOT NULL DEFAULT '0' COMMENT '创建ip',
  `update_uid` int(11) unsigned DEFAULT '0' COMMENT '更新者id',
  `update_time` int(11) unsigned NOT NULL DEFAULT '0' COMMENT '更新时间',
  `update_ip` bigint(11) unsigned NOT NULL DEFAULT '0' COMMENT '更新ip',
  `delete_status` tinyint(2) unsigned NOT NULL DEFAULT '1' COMMENT '删除状态',
  `delete_uid` int(11) unsigned NOT NULL DEFAULT '0' COMMENT '删除操作者id',
  `delete_time` int(11) unsigned NOT NULL DEFAULT '0' COMMENT '删除操作时间',
  `delete_ip` bigint(11) unsigned NOT NULL DEFAULT '0' COMMENT '删除操作ip'
) ENGINE=MyISAM AUTO_INCREMENT=2 DEFAULT CHARSET=utf8;

--
-- 转存表中的数据 `cy_dot_webinfo`
--

INSERT INTO `cy_dot_webinfo` (`id`, `title`, `keywords`, `description`, `record`, `statistical`, `address`, `telephone`, `email`, `qq`, `about`, `status`, `create_uid`, `create_time`, `create_ip`, `update_uid`, `update_time`, `update_ip`, `delete_status`, `delete_uid`, `delete_time`, `delete_ip`) VALUES
(1, '圆点', 'fdsa', '联系我们联系我们联系我们联系我们联系我们联系', 'fds', '', '贵州省贵阳市南明区', '123443434', 'dfasdf', 'fdasfadf', '我们是一家集设计、制作、安装、维护于一体的专业化贵阳广告公司,先后引进各种先进生产设备，用专业色彩，顶级工艺打造高质量的产品，追求百分之百的客户满意度，建立了良好的一条龙服务体系，赢得了广大客户的一致信赖和好评。我们是贵州广告平价倡导者，用规模发展降低成本，如果你问过其它家广告公司价格贵，那请来找我们，我们几乎成本价一样的报价如当初小米进入手机行业一样必将给贵州广告界带来深刻的变革，造福于广大市民。公司主营业务有：LED发光字，各类金属字制作，吸塑灯箱工程，水晶字及店铺广告招牌制作,墙体广告，高速广告，校园广告，小区及电梯广告，电视及电台广告。s', 1, 0, 0, 0, 1, 1465144789, 2130706433, 1, 0, 0, 0);

-- --------------------------------------------------------

--
-- 表的结构 `cy_manager`
--

CREATE TABLE IF NOT EXISTS `cy_manager` (
  `id` mediumint(11) NOT NULL COMMENT '用户id',
  `username` varchar(30) NOT NULL COMMENT '用户名',
  `password` char(32) NOT NULL COMMENT '用户密码',
  `nickname` char(30) NOT NULL COMMENT '用户昵称',
  `realname` char(30) NOT NULL COMMENT '真实姓名',
  `email` varchar(60) NOT NULL COMMENT '邮箱',
  `create_uid` mediumint(11) NOT NULL DEFAULT '0' COMMENT '创建者ip',
  `create_time` int(11) NOT NULL DEFAULT '0' COMMENT '创建时间',
  `create_ip` bigint(11) unsigned NOT NULL DEFAULT '0' COMMENT '创建ip',
  `update_uid` mediumint(11) unsigned NOT NULL DEFAULT '0' COMMENT '更新者id',
  `update_time` int(11) unsigned NOT NULL DEFAULT '0' COMMENT '更新时间',
  `update_ip` bigint(11) unsigned NOT NULL DEFAULT '0' COMMENT '更新ip',
  `login_time` int(11) unsigned NOT NULL DEFAULT '0' COMMENT '登录时间',
  `login_ip` bigint(11) unsigned NOT NULL DEFAULT '0' COMMENT '登录ip',
  `role` tinyint(2) unsigned NOT NULL DEFAULT '1' COMMENT '角色',
  `status` tinyint(2) unsigned NOT NULL DEFAULT '1' COMMENT '状态，1为正常，0为禁用',
  `times` int(6) unsigned NOT NULL DEFAULT '0' COMMENT '登录次数',
  `delete_status` tinyint(2) unsigned DEFAULT '1' COMMENT '删除状态',
  `delete_uid` int(11) unsigned NOT NULL DEFAULT '0' COMMENT '删除操作人id',
  `delete_time` int(11) unsigned NOT NULL DEFAULT '0' COMMENT '删除时间',
  `delete_ip` bigint(1) unsigned NOT NULL DEFAULT '0' COMMENT '删除ip'
) ENGINE=MyISAM AUTO_INCREMENT=44 DEFAULT CHARSET=utf8;

--
-- 转存表中的数据 `cy_manager`
--

INSERT INTO `cy_manager` (`id`, `username`, `password`, `nickname`, `realname`, `email`, `create_uid`, `create_time`, `create_ip`, `update_uid`, `update_time`, `update_ip`, `login_time`, `login_ip`, `role`, `status`, `times`, `delete_status`, `delete_uid`, `delete_time`, `delete_ip`) VALUES
(1, 'ceroot@163.com', '2edb7f5b76c13a8e0cb3b6ed73470d62', '超级管理员', '超级管理员', 'ceroot@163.com', 0, 0, 0, 1, 1465099368, 2130706433, 1465099368, 2130706433, 1, 1, 59, 1, 0, 0, 0),
(2, 'manager', 'be5357794c51565765d5cdbb069f7e70', '', '', '', 0, 0, 0, 0, 0, 0, 0, 0, 1, 1, 0, 1, 0, 0, 0),
(3, 'ceroot', '513449a0f4420a7f8fcb3025501c2c54', 'ceroot', 'cerootdd', '', 0, 1463225790, 2130706433, 1, 1464496841, 2130706433, 1464496814, 2130706433, 1, 1, 10, 1, 0, 0, 0),
(4, 'cer112', 'ec5831d2b3abba02842c2c78b9977f4c', '', '', '', 0, 1463225829, 2130706433, 1, 1463331425, 0, 0, 0, 1, 1, 0, 1, 0, 0, 0),
(5, 'cer113', '', '', '', '', 0, 1463225895, 2130706433, 1, 1464187476, 2130706433, 0, 0, 1, 1, 0, 1, 0, 0, 0),
(41, '裁夺as', '181e2e60adc199b890f14ea65eddd6b0', 'fafadf', '', '', 1, 1463590798, 2130706433, 1, 1464187459, 2130706433, 0, 0, 1, 1, 0, 1, 0, 0, 0),
(42, '栽土木工程', '', '地adfda', '', '', 1, 1463616056, 2130706433, 1, 1464702246, 2130706433, 0, 0, 1, 1, 0, 1, 0, 0, 0),
(43, 'ceroot1', '61d0836df8b65efac30db74cedc66830', 'fadsfas', 'fasdfa', 'ceroot@163.comchun21', 1, 1464192715, 2130706433, 43, 1464270320, 2130706433, 1464268425, 2130706433, 1, 1, 2, 1, 0, 0, 0);

-- --------------------------------------------------------

--
-- 表的结构 `cy_member`
--

CREATE TABLE IF NOT EXISTS `cy_member` (
  `uid` mediumint(11) NOT NULL COMMENT '用户id',
  `username` varchar(30) NOT NULL COMMENT '用户名称',
  `password` char(32) NOT NULL COMMENT '用户密码',
  `nickname` char(30) NOT NULL COMMENT '用户昵称',
  `realname` char(30) NOT NULL COMMENT '真实姓名',
  `email` varchar(60) NOT NULL COMMENT '邮箱',
  `create_uid` mediumint(11) NOT NULL DEFAULT '0' COMMENT '创建者id',
  `create_time` int(11) NOT NULL DEFAULT '0' COMMENT '创建时间',
  `create_ip` bigint(11) NOT NULL DEFAULT '0' COMMENT '创建ip',
  `update_uid` mediumint(11) NOT NULL DEFAULT '0' COMMENT '更新者id',
  `update_time` int(11) NOT NULL DEFAULT '0' COMMENT '更新时间',
  `update_ip` bigint(11) NOT NULL DEFAULT '0' COMMENT '更新ip',
  `login_time` int(11) NOT NULL DEFAULT '0' COMMENT '登录时间',
  `login_ip` bigint(11) NOT NULL DEFAULT '0' COMMENT '登录ip',
  `role` tinyint(2) NOT NULL DEFAULT '1' COMMENT '角色',
  `status` tinyint(2) NOT NULL DEFAULT '0' COMMENT '状态，0为正常，1为禁用',
  `times` int(6) NOT NULL DEFAULT '0' COMMENT '登录次数'
) ENGINE=MyISAM DEFAULT CHARSET=utf8;

-- --------------------------------------------------------

--
-- 表的结构 `cy_qin`
--

CREATE TABLE IF NOT EXISTS `cy_qin` (
  `id` int(11) NOT NULL,
  `name` varchar(64) NOT NULL
) ENGINE=MyISAM AUTO_INCREMENT=4 DEFAULT CHARSET=utf8;

--
-- 转存表中的数据 `cy_qin`
--

INSERT INTO `cy_qin` (`id`, `name`) VALUES
(1, '张三'),
(2, '李四'),
(3, '');

--
-- Indexes for dumped tables
--

--
-- Indexes for table `cy_action`
--
ALTER TABLE `cy_action`
  ADD PRIMARY KEY (`id`);

--
-- Indexes for table `cy_action_log`
--
ALTER TABLE `cy_action_log`
  ADD PRIMARY KEY (`id`),
  ADD KEY `action_ip_ix` (`action_ip`),
  ADD KEY `action_id_ix` (`action_id`),
  ADD KEY `user_id_ix` (`user_id`);

--
-- Indexes for table `cy_auth_group`
--
ALTER TABLE `cy_auth_group`
  ADD PRIMARY KEY (`id`);

--
-- Indexes for table `cy_auth_group_access`
--
ALTER TABLE `cy_auth_group_access`
  ADD UNIQUE KEY `uid_group_id` (`uid`,`group_id`),
  ADD KEY `uid` (`uid`),
  ADD KEY `group_id` (`group_id`);

--
-- Indexes for table `cy_auth_rule`
--
ALTER TABLE `cy_auth_rule`
  ADD PRIMARY KEY (`id`),
  ADD UNIQUE KEY `name` (`name`);

--
-- Indexes for table `cy_category`
--
ALTER TABLE `cy_category`
  ADD PRIMARY KEY (`id`);

--
-- Indexes for table `cy_developer`
--
ALTER TABLE `cy_developer`
  ADD PRIMARY KEY (`id`);

--
-- Indexes for table `cy_dot_cases`
--
ALTER TABLE `cy_dot_cases`
  ADD PRIMARY KEY (`id`);

--
-- Indexes for table `cy_dot_category`
--
ALTER TABLE `cy_dot_category`
  ADD PRIMARY KEY (`id`);

--
-- Indexes for table `cy_dot_menu`
--
ALTER TABLE `cy_dot_menu`
  ADD PRIMARY KEY (`id`);

--
-- Indexes for table `cy_dot_slide`
--
ALTER TABLE `cy_dot_slide`
  ADD PRIMARY KEY (`id`);

--
-- Indexes for table `cy_dot_webinfo`
--
ALTER TABLE `cy_dot_webinfo`
  ADD PRIMARY KEY (`id`);

--
-- Indexes for table `cy_manager`
--
ALTER TABLE `cy_manager`
  ADD PRIMARY KEY (`id`);

--
-- Indexes for table `cy_member`
--
ALTER TABLE `cy_member`
  ADD PRIMARY KEY (`uid`);

--
-- Indexes for table `cy_qin`
--
ALTER TABLE `cy_qin`
  ADD PRIMARY KEY (`id`);

--
-- AUTO_INCREMENT for dumped tables
--

--
-- AUTO_INCREMENT for table `cy_action`
--
ALTER TABLE `cy_action`
  MODIFY `id` int(11) unsigned NOT NULL AUTO_INCREMENT COMMENT '主键',AUTO_INCREMENT=44;
--
-- AUTO_INCREMENT for table `cy_action_log`
--
ALTER TABLE `cy_action_log`
  MODIFY `id` int(10) unsigned NOT NULL AUTO_INCREMENT COMMENT '主键',AUTO_INCREMENT=1017;
--
-- AUTO_INCREMENT for table `cy_auth_group`
--
ALTER TABLE `cy_auth_group`
  MODIFY `id` mediumint(8) unsigned NOT NULL AUTO_INCREMENT,AUTO_INCREMENT=19;
--
-- AUTO_INCREMENT for table `cy_auth_rule`
--
ALTER TABLE `cy_auth_rule`
  MODIFY `id` mediumint(8) unsigned NOT NULL AUTO_INCREMENT,AUTO_INCREMENT=262;
--
-- AUTO_INCREMENT for table `cy_category`
--
ALTER TABLE `cy_category`
  MODIFY `id` int(11) NOT NULL AUTO_INCREMENT COMMENT '自增id',AUTO_INCREMENT=2;
--
-- AUTO_INCREMENT for table `cy_developer`
--
ALTER TABLE `cy_developer`
  MODIFY `id` int(11) NOT NULL AUTO_INCREMENT COMMENT '自增id',AUTO_INCREMENT=2;
--
-- AUTO_INCREMENT for table `cy_dot_cases`
--
ALTER TABLE `cy_dot_cases`
  MODIFY `id` int(11) NOT NULL AUTO_INCREMENT COMMENT '自增id',AUTO_INCREMENT=4;
--
-- AUTO_INCREMENT for table `cy_dot_category`
--
ALTER TABLE `cy_dot_category`
  MODIFY `id` int(11) NOT NULL AUTO_INCREMENT COMMENT '自增id',AUTO_INCREMENT=6;
--
-- AUTO_INCREMENT for table `cy_dot_menu`
--
ALTER TABLE `cy_dot_menu`
  MODIFY `id` int(11) NOT NULL AUTO_INCREMENT COMMENT '自增id',AUTO_INCREMENT=4;
--
-- AUTO_INCREMENT for table `cy_dot_slide`
--
ALTER TABLE `cy_dot_slide`
  MODIFY `id` int(11) NOT NULL AUTO_INCREMENT COMMENT '自增id';
--
-- AUTO_INCREMENT for table `cy_dot_webinfo`
--
ALTER TABLE `cy_dot_webinfo`
  MODIFY `id` int(11) NOT NULL AUTO_INCREMENT COMMENT '自增id',AUTO_INCREMENT=2;
--
-- AUTO_INCREMENT for table `cy_manager`
--
ALTER TABLE `cy_manager`
  MODIFY `id` mediumint(11) NOT NULL AUTO_INCREMENT COMMENT '用户id',AUTO_INCREMENT=44;
--
-- AUTO_INCREMENT for table `cy_member`
--
ALTER TABLE `cy_member`
  MODIFY `uid` mediumint(11) NOT NULL AUTO_INCREMENT COMMENT '用户id';
--
-- AUTO_INCREMENT for table `cy_qin`
--
ALTER TABLE `cy_qin`
  MODIFY `id` int(11) NOT NULL AUTO_INCREMENT,AUTO_INCREMENT=4;
/*!40101 SET CHARACTER_SET_CLIENT=@OLD_CHARACTER_SET_CLIENT */;
/*!40101 SET CHARACTER_SET_RESULTS=@OLD_CHARACTER_SET_RESULTS */;
/*!40101 SET COLLATION_CONNECTION=@OLD_COLLATION_CONNECTION */;
